"","id","O1","O2","O3","O4","O5","O6","O7","O8","O9","O10","O11","O12","O13","O14","O15","O16","O17","O18"
"1",972,29.0144089227773,4.70345263553024,104.644578808942,100.69692871554,101.176049166782,98.4469245647967,107.908788984261,112.366372974277,99.8272940905001,100.515248684134,51.9168959516028,48.2733075435203,48.6715949301152,51.3137595154983,47.7041348669586,108.845961093033,98.529802294822,115.155069995353
"2",464,29.0795699925623,4.47922421250431,108.889191988159,102.086404984922,102.370336279099,98.4469245647967,109.757646544068,109.719168429653,103.052088885345,104.763369943037,51.3028729226276,48.2733075435203,48.5637072249938,51.3180378775727,47.7280817911865,105.45783652842,99.1012248529899,117.543042007299
"3",23,29.0621399542493,4.67422024894658,105.55170391827,102.091180581661,102.323254327099,98.4469245647967,107.971690926406,107.90222010867,104.900345653831,103.558383518493,51.2350774575171,48.2733075435203,49.126649192252,51.3767894648127,47.991724888379,104.840085633814,102.124712784432,88.2848024446993
"4",818,29.0619466587588,4.80271520778235,104.264242531481,101.074490012853,102.311300946187,98.4469245647967,100.307248353316,98.3600570738506,101.37321311318,99.9510213369041,50.7372369323974,48.2733075435203,47.7473202797627,51.3862932010755,48.0449193698679,104.060564898015,101.52509556861,91.3393916892157
"5",573,28.9835606297621,4.88758308427003,107.851931400274,103.465459880822,101.782662460608,98.4469245647967,104.926429843209,102.295725105985,103.475856207337,102.225721322365,51.2961562539255,48.2733075435203,48.9960858722993,51.3737742870137,47.9748482816231,108.166305117721,102.30626583412,90.8413826177878
"6",284,29.0433854712401,4.69338077330199,103.639025742832,100.574135786868,102.444983679434,98.4469245647967,104.341126117348,99.2632143722376,100.824245330111,103.605855048853,50.6561392207117,48.2733075435203,48.0239448535594,51.4161096193455,48.2118083560388,105.22031322738,101.632663892826,89.2574815429268
"7",643,29.0214521283855,4.33850838121261,108.458274841641,102.376469858577,104.996562786121,98.4469245647967,109.931252918255,115.996146121105,103.784941915764,109.760760733609,50.2354062381084,48.2733075435203,48.2528741855265,51.2779205798648,47.5035365395816,109.250116895976,98.603212370404,117.919156495822
"8",335,29.0622283036146,4.78971809751849,101.328857005994,104.681870232819,104.049029422893,98.4469245647967,107.642982645902,107.101420065052,104.685182497854,102.638170618282,51.1498659933322,48.2733075435203,48.7238624744789,51.4232655146749,48.2518614605352,112.466660671411,101.667960886103,90.6121753463463
"9",488,29.0738737439614,4.77538183576516,101.929419000332,103.790125009234,103.24330947326,98.4469245647967,110.095196046058,107.020238077693,105.205318935637,103.025202313711,51.9034913302251,48.2733075435203,49.2307521322931,51.3142910845435,47.6419078437558,109.411117088068,101.978449612675,92.399929212651
"10",218,28.9929604916303,5.09526184395911,99.78063500973,101.212588088295,100.782959596329,98.4469245647967,104.296981609504,105.419502425372,99.2919783017488,100.294781461518,51.7234902713732,48.2733075435203,48.0071308485339,51.3970294653891,48.1702149101735,102.846870646829,98.5896605190618,116.12121040649
"11",563,29.040604832317,4.57812541053646,105.181931642079,102.194876898165,103.012420443736,98.4469245647967,111.007448181292,114.362175144577,102.895537569997,107.899517918162,51.3152515028283,48.2733075435203,49.0248178034166,51.2636614177501,47.3585225731033,103.889462458865,102.244111627436,88.9288197393469
"12",351,28.9860778212723,4.59468118935534,103.022056164714,101.540366721602,103.119760926094,98.4469245647967,111.553139417549,118.507055827439,102.538297634602,110.760574088333,50.6149058307914,48.2733075435203,48.4863985848409,51.372928494829,48.0353165294862,108.832368349859,99.3720612422558,115.077034542143
"13",169,29.038433575154,4.51131653003042,105.461679205903,101.354798581117,104.10306141711,98.4469245647967,104.743067464817,107.897969050708,101.821638858825,101.768773091877,49.5681843623362,48.2733075435203,47.1864881280166,51.3926673848767,48.1457993956162,116.093256170353,98.615954713892,122.912555958667
"14",446,28.9937232633377,4.65726604879713,100.690616844916,102.166952126844,103.641229750451,98.4469245647967,108.15178173628,111.503381495792,101.120300668803,101.01051344225,50.5290876802271,48.2733075435203,48.0983750205854,51.3497705880794,47.9056966823169,108.398327121333,98.8263556547159,116.727547587699
"15",1003,29.001418796414,4.71122411954548,110.819615925942,100.983169746031,104.857888638024,98.4469245647967,106.164807724175,106.811733952045,104.014923501756,104.515626459627,48.8708808659488,48.2733075435203,47.1454995499592,51.4828006150284,48.5850923821574,106.790219408556,102.637876659554,91.4614336768479
"16",1094,29.0139341817593,4.46880194710472,104.376309851903,102.707114401885,102.722197333591,98.4469245647967,108.720435802216,107.651012066163,104.050870170366,106.287895888303,50.5846265318915,48.2733075435203,48.7604239031353,51.3234260591892,47.6930382861689,111.571468528874,102.292104244743,90.009254174177
"17",433,29.1055564021312,4.50611172823465,113.08393601732,102.548843643124,105.204088661491,98.4469245647967,103.297479791887,107.285190834921,105.170928669068,106.119006561433,49.8478875587075,48.2733075435203,47.2969933676104,51.2834428132908,47.5344456826428,114.789119755376,98.3734343418037,122.458007162285
"18",1091,28.9787584644194,5.02607849217111,103.842596390136,101.578191469695,102.237499068575,98.4469245647967,103.726958697755,106.828521690644,99.8906426670794,98.1199009497917,51.2897568965533,48.2733075435203,48.7843715510925,51.3688215747136,47.947126872329,102.350866044908,101.698172588494,88.1340872581236
"19",983,28.9950165392614,4.62841261282369,108.322511833764,101.640521343744,102.337384814036,98.4469245647967,101.641545132315,99.7319829297031,101.923354169346,99.9698823031412,50.3558161713809,48.2733075435203,48.1694566760676,51.3571122483136,47.8815872225311,103.341076818882,102.140833106768,88.178404661937
"20",361,29.0362939422309,4.32743036338558,110.864136168945,102.045887235548,104.62401362372,98.4469245647967,108.602341232036,115.540896362376,104.165997213027,105.589894176052,50.2890130666928,48.2733075435203,48.0388862299376,51.2972619351054,47.6117943168254,108.81139984756,98.8717492914386,116.966539349629
"21",179,29.0244216106917,4.91734284313544,114.588169942552,102.161202348225,101.080590102096,98.4469245647967,105.681401594266,106.436175184899,103.199434069639,104.114302082316,50.8001245410281,48.2733075435203,48.9035640647618,51.4260554751923,48.2674774771202,108.003015931352,102.150020940777,91.5887696904908
"22",893,28.9914209259645,4.7330653034571,108.824902180019,100.704665301364,101.465317990862,98.4469245647967,104.61733659307,107.400016791585,101.343418102996,101.808253610718,50.67305794805,48.2733075435203,47.7555743190005,51.3741736352777,47.9770835208227,104.168033186834,101.695495153274,88.9893678817232
"23",176,28.9534447387301,4.62832527617377,103.364638415291,101.164312860457,103.011545198284,98.4469245647967,102.460238367041,106.033778127267,101.537844451601,102.766048451713,50.7015278848614,48.2733075435203,48.7390889634333,51.3593693039959,47.9594227856117,106.930025404027,98.937754725203,116.438745728239
"24",406,28.9914870913705,4.69001529379165,104.167135687125,103.79575729989,103.626565405402,98.4469245647967,105.71504561664,108.434461726556,104.166925089356,95.4075636462701,52.0264209659612,48.2733075435203,49.3514794939205,51.4705298063634,48.5164099938487,105.636075105716,101.806902949924,89.3494797524023
"25",567,28.9500365430513,4.61368138232702,104.288034042985,100.841022839192,101.317932652999,98.4469245647967,102.095494227376,101.005888876306,101.776926387294,100.165568862641,51.3550144184,48.2733075435203,48.8573187374989,51.2609723783357,47.3434714339096,105.016175895345,101.601970137538,89.0289276924847
"26",569,29.0056370791294,4.88494740315563,106.540591847617,103.075427643978,102.969792115223,98.4469245647967,111.986288721439,116.315158161987,103.447300653104,108.494467117301,51.0076506399521,48.2733075435203,48.7625163615199,51.4294054845577,48.2862282090691,108.038043250941,102.379944587967,89.4275398536474
"27",892,29.0098105675422,4.64548598093546,103.13623834939,103.428684877654,103.174209235593,98.4469245647967,106.634898169144,108.674106288322,103.482483416136,105.658964912113,51.1828109529278,48.2733075435203,48.9418056774127,51.2756001000863,47.4905483089312,108.709412530864,98.8205968666175,117.499496553354
"28",295,29.0526983978192,4.7055304915098,107.536840561731,101.755205992707,101.724828851193,98.4469245647967,108.354910149276,113.114821639318,101.351451534894,107.376166144765,51.5704710308412,48.2733075435203,48.4768417135625,51.2736120551538,47.4794207885079,107.319528006268,98.7997021366379,116.761899353235
"29",774,29.0430197770488,4.94480875900503,102.144821399744,99.7873211200081,101.66092110819,98.4469245647967,106.42554969086,113.220367001834,98.9278859959081,104.569260813146,51.106609745364,48.2733075435203,47.7449268285554,51.3069621952697,47.6660887853882,106.573897636495,98.1281801440413,117.824447303208
"30",1063,29.0243191285933,4.53204818308313,108.207107453224,100.723122966328,104.061215045092,98.4469245647967,102.877147670783,103.136944883247,102.383561661149,102.57613262115,49.6859939422118,48.2733075435203,47.8245667588587,51.3370542677302,47.8345206680929,109.411169942542,98.796429078004,118.450800415548
"31",55,29.0473997040909,4.6206678451518,108.837008975935,104.002399849784,104.634925946263,98.4469245647967,110.928917945353,117.788796842137,104.706209041147,106.750997126225,50.6275998935386,48.2733075435203,48.4643052578409,51.449974162308,48.4013555776733,107.336242747773,102.367961093587,90.1181082621305
"32",836,29.0150126942811,4.99963212003675,108.230337223413,102.967231992055,101.974818844452,98.4469245647967,103.463673301444,103.798345621211,103.763111938385,101.414560372516,50.9286667108425,48.2733075435203,48.5683254101995,51.4520914850715,48.4132066942693,105.969461735173,102.121786710035,89.8798332199164
"33",761,29.0425666674415,5.12680844911702,103.098270440522,101.175064727733,101.53156456306,98.4469245647967,97.0755572048772,90.8417763795892,100.580415724018,100.99683127746,49.8764189596498,48.2733075435203,47.3937096376893,51.5029226506405,48.6977197974491,100.362673026938,101.914664132598,91.8946503102083
"34",601,29.0592416587925,4.46632519643819,111.598464256752,103.004020895221,104.737911334947,98.4469245647967,103.652778054126,108.465444072457,104.813724004501,106.593529342605,49.4300249368681,48.2733075435203,47.4888435037022,51.4300877598853,48.3552493835651,112.220682038863,98.7645900847149,121.210217527368
"35",904,29.0744607326784,4.54790294441199,110.358647207738,103.004065081214,103.442005465375,98.4469245647967,109.847442524302,112.429809516103,104.580994130579,105.851483972438,51.3643794401639,48.2733075435203,48.4984373554979,51.3091311465136,47.613026546924,108.623640250803,102.027521465373,91.6942643541472
"36",887,29.0298717771937,4.69359264650878,106.117364141278,101.048532402062,103.106027868959,98.4469245647967,107.705044090241,106.889336478073,101.9240913734,103.951071216381,50.3012999337175,48.2733075435203,48.4099898911857,51.361537471385,47.9715584906496,109.589553206606,99.298905638146,116.783108826576
"37",52,29.0510620370341,5.02282143221562,102.475253280264,100.701252368792,100.353397802376,98.4469245647967,101.998352361894,101.186101242091,97.6410402546065,97.464661455149,51.8826284264504,48.2733075435203,48.262144372058,51.3114981909286,47.6262754099855,103.456991019167,101.468799578547,87.937935404823
"38",265,29.0285689192277,4.78334926227925,103.640307506601,101.419765400994,102.293991120275,98.4469245647967,108.476113736696,107.623197437033,102.213306157099,99.3358682129118,50.8571122274953,48.2733075435203,48.255446846416,51.3481272167666,47.8312960442945,105.992340506749,102.275353023112,85.7484070490137
"39",190,29.0566106490348,5.02072034579428,105.028986580968,99.9911089353454,101.521929814439,98.4469245647967,100.895164183783,100.757567666464,100.132694902772,99.8693737513139,50.3936547549653,48.2733075435203,47.0272744346106,51.4684931246497,48.5050102427696,103.349318524581,101.898413632256,92.8540896843433
"40",349,29.0512128676295,4.74822182229376,103.179804224132,101.468538214293,102.421546509791,98.4469245647967,105.68127976951,107.645101058756,100.892001139502,104.731142766803,49.9455565616215,48.2733075435203,47.574021698493,51.4571031388231,48.5064603426123,108.478425715701,98.8819031467027,119.118421050995
"41",156,29.046498510253,5.30149429242639,101.567776918039,99.7455738367325,101.555928996161,98.4469245647967,105.055221772938,107.350213302221,99.3347588034791,104.326242410954,50.6349967575503,48.2733075435203,47.5488959917779,51.4353316863125,48.3846007817467,106.442962445457,98.792827728807,118.914942058435
"42",943,28.9988735064632,4.68254626447027,102.69603105954,102.587535807988,102.764894122556,98.4469245647967,104.680686143263,102.697122952293,102.22768652078,100.000164433114,50.8140781587144,48.2733075435203,48.2440272565542,51.357901686282,47.9512082096645,106.279369695694,98.9215462166595,116.087671092331
"43",371,29.0806717869725,4.88908120512281,103.930533372442,101.902431762528,102.002768315491,98.4469245647967,108.464054533522,112.250187669033,101.155002350587,102.73847806457,51.4083018460956,48.2733075435203,48.1591131045214,51.3674341215605,47.9393609948856,104.870534650346,101.514501265267,91.276051030454
"44",775,29.0480535605615,4.80792951260062,103.095315166698,104.546281282772,102.983570404114,98.4469245647967,109.693540382372,112.58121611775,104.038021545812,105.486456247932,51.0984458595706,48.2733075435203,48.9212549495888,51.3172380257802,47.6584025156123,110.775723557454,102.367999627794,93.8067582473912
"45",557,29.0957349038427,4.39157448083715,110.723836530999,101.94568998117,104.711203556595,98.4469245647967,109.742178523049,115.865838425262,103.627955131058,104.61856231452,50.6745160306074,48.2733075435203,47.3952884596578,51.2577096367665,47.3904114897286,111.129368385483,98.5015685522284,119.657823952156
"46",354,29.0440473650223,4.70082526801938,105.536171529999,101.043715416492,102.658370266118,98.4469245647967,110.243129732497,107.722973023538,104.445030805925,106.985510046228,50.3252424421818,48.2733075435203,48.5311700358366,51.2875688586423,47.4923377260944,102.158252287602,102.472729362923,88.5614718701905
"47",1051,29.0765268455757,4.54554797634953,107.262894048057,101.247510602687,102.941226923027,98.4469245647967,107.270036271603,112.464204753562,101.029913729062,105.507277785432,50.4079967435719,48.2733075435203,47.7127890618203,51.3457764660731,47.8833407116488,111.775880102073,98.6014366116704,122.196970792715
"48",912,29.0681656526568,4.47657186374938,111.107105224305,101.777359263691,104.419508453862,98.4469245647967,109.031621344597,113.765211656962,104.347857179287,104.352332867016,49.6448164097156,48.2733075435203,47.4349930573464,51.376363307098,47.9893395908452,107.722917414012,101.708136621976,90.0942224068402
"49",896,29.060616974343,4.86438067057902,106.714972107715,100.595794748045,101.253829347699,98.4469245647967,106.003437055244,105.428538296456,100.726098319836,106.026403429245,51.1236069631233,48.2733075435203,48.0686711288614,51.3295164851397,47.7923300574328,102.8849030188,98.9778515642014,115.212833553851
"50",785,29.0952549160634,4.77603426153257,107.465643352734,101.324003346794,104.261312496616,98.4469245647967,102.326485044434,101.067338170093,101.785074314899,99.3625924982313,49.4854206006582,48.2733075435203,47.3884343732394,51.3815611167766,48.0184328635423,110.305043127153,101.939893343614,92.1779267052667
"51",333,29.0537104231715,4.82983276879514,101.893099777877,102.945631625284,103.829300285673,98.4469245647967,108.896821404368,110.684572879156,103.589866125267,100.065902316716,51.144668221039,48.2733075435203,48.7921214083963,51.3909432779648,48.1361491937718,111.166091876034,99.1474911387059,117.358974582015
"52",581,29.0266602744541,4.85138306048314,109.487853486446,102.998096099418,101.841379315517,98.4469245647967,106.148914272032,111.248966154849,102.165628770603,103.338491465366,50.6158608119023,48.2733075435203,47.8230314280698,51.4635282921887,48.4772209942949,104.165123357206,102.314473676837,88.2586025497816
"53",326,29.0660018845401,4.78383804573331,103.063431510771,102.672649812309,103.336542927531,98.4469245647967,113.322494679312,118.92622734905,102.694707996959,109.515977191178,51.5522113687773,48.2733075435203,48.9497045060999,51.3660144878658,47.9966173268518,110.944464286786,99.2960093615263,120.785256363054
"54",886,28.9991956780005,4.53614411115966,107.672739560846,102.479547689888,103.08383090897,98.4469245647967,107.155444493954,110.450793325179,102.930233138314,101.919901092054,50.9173923293928,48.2733075435203,48.5694573056144,51.2787780366463,47.5083359119162,108.658558009288,98.9205400395644,117.027658684788
"55",538,28.9906205735809,4.89186583674564,103.186580634853,101.12864082783,101.922408589856,98.4469245647967,104.724716017606,104.78056010288,102.080565745363,100.752622397407,51.4470040738578,48.2733075435203,48.966797900848,51.3702666973438,47.9552155383937,104.268602020675,102.16943374052,89.2647889839802
"56",228,28.9709879759371,5.1383916920617,98.5751195094491,99.3692091920102,98.5208998829603,98.4469245647967,103.299086813302,101.32216177503,96.3800340580095,97.4543151216929,51.7543109708927,48.2733075435203,47.8821101220517,51.3599728756447,47.8975987766611,99.9523562478021,101.807643062232,87.8526499004018
"57",263,29.0550280691232,4.91328819564448,103.919799924504,101.056345503661,102.67438045828,98.4469245647967,104.532916072673,109.035018263198,99.7033365954214,102.711006481524,50.7690235824627,48.2733075435203,47.7134360565476,51.4036867110672,48.20747696398,105.187054600357,98.5800691139764,117.505400061234
"58",964,29.0681249584433,4.85589485617329,103.11811858636,102.133975502228,102.655651495973,98.4469245647967,108.804977219206,109.512859413349,103.821172470951,106.190055139323,51.0818822733482,48.2733075435203,48.8900600673987,51.311680336149,47.6924972473579,111.019221602174,99.0999299348819,120.380746622059
"59",628,29.0485153850772,4.72645855468985,97.4838131451121,102.254437027321,102.851319387597,98.4469245647967,111.994601118624,121.470617737792,101.677242905459,105.915078790085,52.0219739087913,48.2733075435203,49.2641513198862,51.3889000597292,48.1247128563565,107.340040561567,98.8638965895043,117.23353202794
"60",140,29.0729086280151,4.77224383041153,106.942700445222,102.814760446678,103.121181742735,98.4469245647967,101.880157342952,102.203596079469,104.00660088368,99.3777205390681,50.9309278190013,48.2733075435203,48.1633737200753,51.4071761492239,48.1618057783289,104.805384485428,101.761193979025,93.0828215977112
"61",787,29.0803044917942,4.99260405840437,101.789469208821,101.081316704674,101.815027310552,98.4469245647967,107.674284784951,112.692274571435,98.7775083570045,101.441753713083,50.9109975841162,48.2733075435203,47.4891893523045,51.3932790282368,48.1492228967004,110.427439862463,98.6674703794238,122.037274935162
"62",798,29.0453488954617,4.69374974241434,105.561605798271,102.730036332312,102.26278061187,98.4469245647967,103.667380342721,99.4358891573833,103.266588768039,101.560835668611,50.6864881174298,48.2733075435203,48.1460846292724,51.4126107730017,48.1922245511096,105.418531497717,102.295334153727,90.052188386843
"63",14,29.0636545371169,4.70048097938931,110.428432171992,101.291023216534,102.600425178043,98.4469245647967,106.945431993442,110.618585613442,101.254141901035,102.240343605249,50.7987972383826,48.2733075435203,47.4449777219311,51.374348766134,48.0432660972722,109.574138164416,98.8980453274652,118.49681595098
"64",925,29.0035752281252,4.7618595962753,105.46346843172,101.522002599245,102.140569076609,98.4469245647967,110.075842581323,111.841903269928,100.895259733659,107.745588281868,51.1816188791296,48.2733075435203,48.4679986447413,51.3168925130557,47.6564686056509,104.977344109639,102.209864065025,89.0946029503761
"65",93,28.9767509929216,4.82010487999872,104.841706714874,102.765589621557,102.828931448516,98.4469245647967,112.67730179047,119.030899964876,102.924114367033,105.47012968049,52.0601822105302,48.2733075435203,49.2774109634139,51.3574778891025,47.9488361245607,109.307715475972,99.1859716306454,115.019490605615
"66",994,29.0592729245292,4.83946583919784,100.434211346173,103.615496202313,103.794670497339,98.4469245647967,109.237474794135,109.182461486048,104.303002057345,101.306830979573,51.536642004503,48.2733075435203,49.0547333701338,51.3772316165986,47.9941997082115,110.595968945993,101.956932273721,90.9143789620211
"67",805,29.0114910246999,4.62746690089224,99.4287110505103,101.499383119756,101.757913273259,98.4469245647967,110.374623025166,107.925964833966,101.840371033522,105.021789838766,50.9247616992466,48.2733075435203,48.9133428004904,51.3885170768254,48.0573668867328,104.628637313233,102.025319273225,86.941034808341
"68",644,29.0381614498616,5.04121868498312,99.1352696441655,100.562509825262,100.839394958138,98.4469245647967,104.872178185041,102.641062489868,98.2510760329346,100.9273154349,51.2943078022959,48.2733075435203,47.839512003891,51.405241934979,48.1509795599868,101.877298415893,101.728975324039,90.3496457457339
"69",478,29.1122341624512,4.6155690129933,110.547157540448,100.511860167974,103.14934158369,98.4469245647967,108.572360052296,111.045605464835,101.70428213605,100.626151077895,50.292923583327,48.2733075435203,47.6204818569107,51.3605462969585,47.9008083406281,108.481144804952,101.895400900864,92.8311865389138
"70",1049,28.9985676160523,4.67333895049819,106.334896938677,102.691729804056,103.897956420867,98.4469245647967,105.347155063735,107.846557028525,103.396987656134,104.379766302831,49.8236847438949,48.2733075435203,48.0495704315598,51.4163639872954,48.2784344397568,106.3142463584,99.0953280640395,115.094377159576
"71",50,29.0823061597619,4.41618865239797,110.725743178261,102.186360716218,103.414247485461,98.4469245647967,109.425400647056,111.460420553206,103.404154277685,108.239829503978,50.2369016738955,48.2733075435203,48.1576014705433,51.3620855163512,47.9094236867647,108.739184649066,101.774807653446,92.6563669808473
"72",812,29.0213744130348,4.96909745925344,103.424384033019,101.988719349354,100.764518027463,98.4469245647967,102.720468503612,106.164509169962,98.5430724273056,99.1962596559076,51.46039471843,48.2733075435203,48.0933148164008,51.4496630174188,48.3996140319703,101.037687132025,101.790571965993,87.8453934714309
"73",43,29.0653074296307,4.73794356876542,102.578932891101,100.768621360832,102.024980180859,98.4469245647967,107.249488661551,106.706395187815,101.416749413406,105.051448459996,50.8415431718996,48.2733075435203,48.1668943933233,51.3499726197383,47.9068274975085,106.263552877845,98.940859997481,118.22773935411
"74",291,29.001210527762,4.40026740978603,109.093159726944,101.480686379888,102.729808460376,98.4469245647967,108.704571248039,109.395392664357,100.85195036601,105.977022296679,50.9817993488739,48.2733075435203,48.2170064347919,51.2175875395586,47.1006370433686,107.203254992834,101.622624057056,89.6124452757195
"75",341,29.049675404958,4.90130302224872,103.331346082938,100.501971228247,102.5238269173,98.4469245647967,110.808536958529,113.179560231573,100.831745763986,105.010326385938,51.8861791630387,48.2733075435203,49.1336414897645,51.4189078042564,48.2274704063454,100.680366953579,102.218027120552,90.3919252729024
"76",997,28.9813837960478,4.84453036969445,99.3659374006039,103.052780286078,102.641545368424,98.4469245647967,102.291426247894,99.6646174667724,102.212475369815,97.6029076353977,50.8652379429351,48.2733075435203,48.6080772333726,51.4169914156412,48.2167439619348,104.252900619405,101.876672106779,88.8956330720589
"77",648,29.0490435996116,5.16399511021443,102.735839091266,100.782305745317,99.8610465163572,98.4469245647967,107.113585099587,110.24823205989,98.0771770542754,105.500169166197,52.0150892049978,48.2733075435203,47.9893643329286,51.2992796985428,47.5578858472841,102.780121387921,101.808193400306,91.4233703439839
"78",592,28.9943878450958,4.58871413712676,109.698958612975,103.670735646902,102.134606143956,98.4469245647967,109.226812543331,116.002874518432,102.386419297651,104.730069447557,51.5551134802262,48.2733075435203,49.0347902329566,51.3556923318678,47.9388419718772,111.676979116828,99.4551975251388,118.858985934338
"79",106,29.0077294652307,4.92814399131969,104.06943342831,103.093147821678,102.870961333778,98.4469245647967,108.727046952589,111.712790348603,102.94557097945,104.936560705353,51.7382268286348,48.2733075435203,49.2479769017059,51.3436219378745,47.8060790172218,105.381033877017,102.34611513012,89.5713102071233
"80",990,29.0409611804501,4.49116194703411,107.633605405821,102.06623518701,101.979477154372,98.4469245647967,107.888162210432,110.211172068338,100.855243189258,102.785322209907,51.3150109180934,48.2733075435203,48.6713547542322,51.3131349495276,47.6354367043004,104.063072511682,102.000180083896,89.0919051151074
"81",959,29.0772296473472,4.79212062901194,104.491824061192,102.557991759931,104.725381893552,98.4469245647967,107.053554895476,105.734294917711,104.08573871005,100.447549033214,50.7735712515735,48.2733075435203,48.6961340322227,51.3439496887007,47.80791350997,106.805041783893,102.276946762354,91.5772552101992
"82",923,29.076019136723,4.70647374448766,103.527068454885,101.847858274546,103.649330788124,98.4469245647967,108.514764490186,109.305433753648,103.000404136559,104.968043977651,50.635586821854,48.2733075435203,48.2224008516526,51.3198455171505,47.7381995435529,111.040886919035,98.9476508022023,118.930615159397
"83",613,29.0726022002095,4.5533061260757,110.376963179152,100.645025467325,104.094738211944,98.4469245647967,107.947020659272,108.019195845177,103.628263871453,106.243333871398,49.4088191016982,48.2733075435203,47.5925588938488,51.466759292833,48.4953056085149,104.562810815458,102.227282370574,90.0413813813185
"84",239,29.117593814447,4.71400684267972,105.876689495306,102.520992154358,104.160476187394,98.4469245647967,107.920599841475,111.86838390916,105.762591256644,102.592846735617,50.2975423502908,48.2733075435203,48.1493880392916,51.4031537547969,48.2044938916738,110.447993742447,99.3591029561637,118.672522996554
"85",711,29.0545218347631,4.62658858696799,103.703283338429,102.155890752763,102.886435123258,98.4469245647967,107.860756423094,107.460960465615,103.314580530781,102.383897184312,50.8800033174307,48.2733075435203,48.8212772781924,51.3715629307626,48.027673170028,106.286894831149,99.0301940615965,116.320430174795
"86",4,29.0299479770326,4.39773175980527,108.837588807833,102.741899133204,102.845162487642,98.4469245647967,113.505812565127,120.644917017429,102.96095681996,108.908812474939,50.4608136914007,48.2733075435203,48.3054172098541,51.3273788304953,47.7151628079632,105.673569964128,102.100079913365,90.3647117585035
"87",225,29.0547748959377,4.64707088177257,103.272243039412,101.090725882364,103.808704138785,98.4469245647967,105.622451714206,106.473767059149,102.955436897908,104.601816651444,50.0622444510023,48.2733075435203,47.7526281892347,51.4098808948935,48.1769448288532,105.957564798963,101.390741747771,90.6729799024446
"88",718,29.1006714489641,4.77993258732897,106.218729005099,102.658972800053,103.909302841433,98.4469245647967,107.585852276012,110.786919883417,105.008240310286,104.309105455563,51.3879319256532,48.2733075435203,48.7905334335686,51.4483312506311,48.3921598432408,107.058981581537,101.782686042741,90.2484519394835
"89",728,29.0475920359369,5.32851910710441,98.8663979471767,99.2746818326278,100.223083993133,98.4469245647967,101.808231828186,103.291487094286,97.4163919035365,103.550823432212,51.9522483162783,48.2733075435203,47.9710811490042,51.3620808804804,47.9093977387863,98.4352660875707,101.181796874173,89.3067957625895
"90",208,29.0338251638353,5.21589014828242,104.154488858696,100.046269113924,101.274191256842,98.4469245647967,102.273137996303,103.286162056225,98.6763185878975,103.504366235854,51.1146777885317,48.2733075435203,47.6690979480107,51.428121901952,48.2790437176991,101.501176807198,101.42755598292,90.7902681364731
"91",1088,29.0176697956818,5.03704864943538,100.520087260223,100.198340183393,98.8945045948939,98.4469245647967,103.310900094949,99.5402110495153,98.315331689346,102.249349810361,51.4007571734068,48.2733075435203,48.1983075793683,51.4005984687823,48.1249890684776,103.201720553541,101.886358686309,88.5722471121136
"92",980,29.0171127209663,4.82247862107601,102.378183766439,101.340446079678,102.126672021407,98.4469245647967,106.915538442569,104.78744497858,101.951576107499,102.504476455586,51.1827651960653,48.2733075435203,48.5154707510819,51.3007382425083,47.631251966394,105.570413122829,98.7546817541332,116.16753300219
"93",514,29.0409204560312,5.31888997520885,102.50054827725,99.7713714596981,101.984397301921,98.4469245647967,104.426429510891,108.887320889547,98.4521759203496,106.553706639018,51.4602857113195,48.2733075435203,47.6542007172889,51.4120026769668,48.254023236086,103.415139072857,98.5041659493579,119.350450355461
"94",136,29.0498101231356,4.84778272053058,102.736906682753,102.178095332767,101.821291458603,98.4469245647967,103.282864905575,104.306099784167,100.911219539591,102.68353697917,50.8028679627286,48.2733075435203,48.0899069280525,51.3437933473224,47.8722407641383,107.034951211057,98.6869978724958,117.799822407828
"95",1103,29.0543676210539,4.57288489652413,101.174561822446,103.237788348144,103.169748518177,98.4469245647967,113.548468407968,117.70515963967,103.021444200071,107.211590864537,50.6445013300887,48.2733075435203,48.8654296155901,51.3684011037184,48.0099757355112,111.990231672444,99.1290813105425,118.339665564547
"96",329,28.9621939029189,5.28036334681676,98.438225388323,99.5709020230831,99.7801380757097,98.4469245647967,98.7582594054172,95.6771939850707,96.5772633180761,99.1044037419601,51.2801253508856,48.2733075435203,47.817351302326,51.4355543744219,48.3206448846808,99.5902993055345,101.1573738167,89.0340043826954
"97",267,29.0453163252222,4.33311603444484,106.080361775811,102.153695920905,104.254021722211,98.4469245647967,107.341385193089,109.655983177959,103.798317870031,102.641758589209,50.4334069594745,48.2733075435203,48.4872929774978,51.3140013688831,47.6402862421131,107.079288733725,101.955579473578,89.7464943885588
"98",15,29.0437383603707,4.7071112201766,107.090642413724,103.162210094708,103.515629234139,98.4469245647967,104.343965387633,103.624694696798,104.400371195221,102.790351337328,50.6484736059654,48.2733075435203,48.4727477475049,51.4034630204457,48.1410225879504,104.835762663062,102.185283666475,89.7152565937779
"99",336,29.006119681281,5.11190191371395,101.24139259828,100.881709760969,100.871311588561,98.4469245647967,101.957566559064,100.316097403287,99.0695967792465,100.288754393329,51.0028631935184,48.2733075435203,48.0053146324132,51.4508216480615,48.406099139992,101.600558368139,102.054093588025,89.2023070804564
"100",264,29.029866850246,4.5939420236626,108.126875443246,103.194058162317,103.103486381739,98.4469245647967,111.071464293134,120.861692732511,103.092193753727,106.185799604427,51.1699849138292,48.2733075435203,48.2350014696616,51.303099565898,47.6444688076313,109.05476131775,99.1763434348919,119.088350352319
"101",256,29.0202648661499,4.78505839978135,108.349420619886,105.27006752013,103.291189164444,98.4469245647967,107.282067155457,108.178569992826,105.808909196357,103.373963900152,51.3659615979627,48.2733075435203,49.2050491629921,51.4171576109743,48.2828765243151,110.207121270443,99.0443962200062,120.051921919498
"102",439,29.0237015361084,4.67489731240467,101.965159028335,101.527917065244,103.448845692348,98.4469245647967,106.969299929319,101.551810531095,102.271557786789,103.988355422345,49.2294922703097,48.2733075435203,47.9100980001064,51.4184485403782,48.290102137314,104.423793592734,99.5201330827747,116.284037317049
"103",905,29.1025031355252,4.68602213622202,98.9927845591592,102.328825646189,103.04474623212,98.4469245647967,108.387287230163,108.447938115317,102.483356353616,104.047483468327,50.1486659810537,48.2733075435203,48.4827103856419,51.4187006948101,48.291513500581,112.068716507635,99.0259598326018,121.395434798756
"104",387,29.0283006798077,4.66982071164921,109.32784949387,101.571712095967,105.033982488664,98.4469245647967,109.740790257737,116.298824680641,103.479468469608,101.933162002018,49.4382888997731,48.2733075435203,46.7691152909859,51.3820238261417,48.0862250795311,112.287984412089,98.8859655289283,118.664989774968
"105",857,28.9977258481159,4.78381781266623,107.894472060193,104.04949622463,102.398635221923,98.4469245647967,109.664025553953,114.639034121502,103.979072151012,104.743246679342,52.1575420337053,48.2733075435203,49.1193620146067,51.3403806813005,47.853139329238,111.832411495365,99.1195767300188,117.362408488832
"106",376,28.9574098450297,4.57953582605197,101.826455333279,99.773802473297,102.170759815304,98.4469245647967,109.327125990735,108.592407540594,100.879126604793,102.562255753017,50.2253105023485,48.2733075435203,48.2460068142535,51.4132402209713,48.1957477084705,106.650452738831,102.194908710312,89.4680151609649
"107",396,28.9874447628272,5.18921563888877,93.4391865997362,100.373274364315,100.200951432457,98.4469245647967,104.011296926536,104.950356749688,97.6065753218843,99.7018474328897,51.7304995106576,48.2733075435203,47.7279433025886,51.4322504069563,48.3673541901804,102.866135372744,98.5525821023898,114.308324854101
"108",809,29.0460321516237,4.47673948805126,100.482341254868,103.604987640179,104.835913097903,98.4469245647967,114.532172470202,120.489264816593,103.155232115024,105.925161164704,51.3051475648562,48.2733075435203,49.0628635479344,51.2669437044071,47.4420965772137,112.431454698381,98.9198759014827,116.502448698602
"109",920,29.0160222755817,4.80286792744568,101.859786397951,101.792556406042,102.268422033446,98.4469245647967,108.70305651221,114.071144664486,100.715293419083,106.190814751641,51.496569525805,48.2733075435203,48.766091802739,51.3036983630614,47.6478204057546,105.046794188756,98.7390543851164,115.039660258529
"110",672,29.0751700937845,4.78522030393435,109.191687497454,101.96789499467,102.492570048422,98.4469245647967,105.379358860776,111.316270211809,101.436973898066,104.737721730503,50.5240337742789,48.2733075435203,47.3470341040316,51.4768310398091,48.5516793696619,103.348618281969,101.713284754515,93.2317434674906
"111",59,29.0236604239245,4.87478094260404,104.233142377613,102.218510758786,101.848831375155,98.4469245647967,109.982204093887,113.443637811276,100.606316266284,107.591777545995,51.3311219707255,48.2733075435203,48.4464732117651,51.3382669793396,47.8413084790625,107.842804215988,98.9525831231769,115.882629070229
"112",1024,29.0074228186326,4.90536105363344,109.270073130106,100.916598621988,102.794355675618,98.4469245647967,98.8922483681429,99.4346945074186,100.104098525256,98.7169622542286,50.037208250018,48.2733075435203,47.8487412444714,51.4136156728774,48.1978491945512,106.435128344888,102.091049660052,92.0573447339108
"113",204,28.9902429668211,4.82953506338148,103.361129967348,101.015651265338,101.757631326688,98.4469245647967,105.931127678184,105.708458263713,100.925454757941,99.4281821073987,50.0413832063443,48.2733075435203,47.6347233950873,51.3707497800409,47.9579194574502,106.00007151066,102.225982804492,89.7704470272879
"114",12,29.0231207966142,4.88859582829739,108.257176584103,103.882478262191,101.471117125853,98.4469245647967,104.418926413572,105.564564397377,104.175999535071,102.333846875491,51.9020233528447,48.2733075435203,49.070648412647,51.3445829039466,47.8114577535968,104.897181111848,102.266438266206,88.1634861624595
"115",346,29.0279316095976,4.68348377597412,106.77677500556,103.681972365421,103.942523671468,98.4469245647967,109.649607806849,115.295781620397,104.110166490955,108.218390220728,50.2310485084423,48.2733075435203,48.4299522997604,51.398887612933,48.180615366625,110.31220814125,99.2587758535154,117.80292031283
"116",511,29.0209167357143,4.87993281819877,104.69695980085,103.985907356192,102.578844362024,98.4469245647967,107.868698269378,111.34646302209,104.395248957286,105.74952169114,51.5246378678867,48.2733075435203,49.0358988988938,51.4183566296737,48.2243853621767,105.745493500941,102.226200240562,90.8388800644188
"117",3,29.0016016134565,4.47154361871288,109.162427075365,101.640902948288,102.637070848472,98.4469245647967,108.341038591812,109.84644644395,102.090930185331,105.542222939379,50.4055935331966,48.2733075435203,48.2118056845982,51.3304166066058,47.7973682332978,105.509494888399,98.87085663733,114.281813229107
"118",767,29.0704902874644,4.69423201884507,105.699019316621,102.353720327565,103.216559251112,98.4469245647967,107.634735160195,105.315189013015,103.16938552746,103.937891085504,50.1029453983969,48.2733075435203,48.5827127531667,51.350914728865,47.8468983565449,106.385026696439,102.297777638442,90.6424390955238
"119",297,29.0754224940278,4.90146200685089,100.38295108769,102.539225798988,103.639620507783,98.4469245647967,105.014109006277,108.095122185691,102.593249535035,102.101788297995,51.0126924763174,48.2733075435203,48.758863744731,51.5021428274193,48.7585572879665,108.172235292159,98.8830473760249,119.229476921221
"120",296,29.0438316293106,4.74647701544378,104.280660114183,103.477754221212,104.137573906838,98.4469245647967,112.338436285807,112.582758925629,101.645706215863,105.072938182435,51.3205822721497,48.2733075435203,49.2876206560605,51.2574694612784,47.3890671752189,113.817626053089,99.0041153078813,118.952635329293
"121",855,29.0633101459853,4.9200067540711,113.350154096171,104.452222198878,102.414016804025,98.4469245647967,106.615747938205,110.078030952768,104.739325050076,103.504321979783,51.4171762177315,48.2733075435203,48.6560548928139,51.3947410341159,48.0922037310778,108.537474285088,102.325919264878,90.4345045532732
"122",749,29.0273021312533,4.58281971687922,105.203704525391,101.983450666672,102.805426678505,98.4469245647967,104.127928640791,102.74214169178,103.192812458494,97.4610336998934,51.2962605029987,48.2733075435203,48.9755617378912,51.4293077739558,48.2856813015517,108.068130704117,102.0750273158,91.2000396420067
"123",393,29.1050652476907,4.67771967327438,100.891651608683,101.670029732504,101.832194679563,98.4469245647967,110.224825253762,110.351300707893,102.7349752346,109.120123426849,51.5742867501869,48.2733075435203,49.3229153931079,51.2821425117269,47.527167611623,105.194770749926,99.0592699683779,117.991388601787
"124",308,29.0826164837253,4.59503183368939,107.848226902202,102.973180180532,103.722197167672,98.4469245647967,102.511985346303,96.9616110123169,101.621957031643,102.459633023854,50.7817845889934,48.2733075435203,48.3681880585217,51.2148952218037,47.1507698854975,110.484598984683,99.2677224255645,119.563061847026
"125",474,29.0098965612295,4.74980869677823,104.269160981306,100.888347934946,101.093400492325,98.4469245647967,104.462273847191,105.584808547761,101.094921951479,98.3350522025827,51.5906447247706,48.2733075435203,48.6120649193411,51.3154821600227,47.6485745525932,99.6694993705963,101.985593782948,87.4450674405453
"126",653,28.9307172073137,4.61709325279746,109.786873102735,100.894118286628,102.71022847688,98.4469245647967,103.590788170928,103.229252416477,100.598750464676,103.39848560124,50.7734147682579,48.2733075435203,48.0336987771486,51.3129743346954,47.6345377081075,103.158714686956,101.687199329521,88.7745932053014
"127",246,29.0173521535027,4.87929721947191,107.641130803952,101.458100292916,103.302363812162,98.4469245647967,102.51400389913,101.534757517632,101.892924375845,102.110582350518,50.1436559453209,48.2733075435203,47.1666565594844,51.4434550020947,48.3648664182833,102.375009850445,102.061875714836,87.9927393923322
"128",26,29.1025474554076,4.69747293409742,110.279868210286,102.287598566873,102.428688513343,98.4469245647967,113.845808719795,113.148198574757,102.445435456288,106.562288555887,50.8180110817475,48.2733075435203,48.3279918733132,51.3011993214782,47.5686303948893,107.957485106389,102.434889322842,89.4285968120674
"129",83,29.100285036019,4.39213055443074,104.001801184445,101.820835966926,104.462980543511,98.4469245647967,108.477724001239,107.797171803553,105.711946904389,105.487201841098,49.9524849678928,48.2733075435203,48.0377656818295,51.3675842257824,48.0054034918119,110.505980582425,98.8358022719838,118.752229077366
"130",610,29.0356586912721,4.56563954813027,108.815056782912,102.276300583053,103.781744431393,98.4469245647967,107.647143346122,107.932634896709,103.842434183503,105.255709278432,49.8464823217722,48.2733075435203,47.4764095494148,51.3620535066065,47.909244521253,106.647697635645,102.121495258095,90.816307734358
"131",270,29.0242718034986,4.82736493209484,102.686859222325,102.155620176834,102.084230961485,98.4469245647967,104.299923420507,102.498390934124,103.135238182299,104.40892743325,50.6392009268733,48.2733075435203,48.3659183184838,51.4116124762815,48.186636866968,104.475620608394,102.35187077749,90.736198419492
"132",1077,29.0631329781609,4.78719901593078,104.756281007014,104.165284512772,103.446744762643,98.4469245647967,109.476910277574,116.756815577428,104.933532809337,102.617777299291,51.3061484903425,48.2733075435203,48.9972546030455,51.3275095005075,47.7810965273859,110.879743790708,99.2476584018101,120.463008381491
"133",1070,29.0463022161446,4.62167092096767,109.296508511492,102.93493016986,105.15012549348,98.4469245647967,106.474863909083,106.735886294427,103.766584428771,103.479592124688,50.2257429582841,48.2733075435203,48.1950852433807,51.3167389396101,47.7208113525406,112.886580826906,98.9455107212065,119.653333797154
"134",165,29.0230802962482,4.95793174669862,103.553522883875,104.205012883774,101.542881090551,98.4469245647967,104.532473712954,101.478732565843,103.72325953671,98.1959322830303,51.7834425747748,48.2733075435203,49.2371086281713,51.3897987378346,48.0645406225083,105.796646936375,101.862426690178,88.9571091500743
"135",508,29.1020636770089,4.53599037592568,108.748819620028,100.805846101958,104.336391484169,98.4469245647967,104.252536308542,103.802935202784,103.841053657624,104.722107249233,49.7359427656707,48.2733075435203,47.1759631626079,51.4089107834549,48.1715149038707,105.674761231162,101.850691098296,91.2159394780557
"136",423,29.0877327731393,4.75663654847445,101.876916328601,101.130623082317,101.782468808703,98.4469245647967,110.244772405859,119.161006134887,100.927296140232,103.785112429829,51.8595195950386,48.2733075435203,48.1617110562126,51.3146997181307,47.7093973858398,103.662461760928,98.6545957508995,120.307836132312
"137",100,29.0095728298557,4.77582721705052,105.792468145718,100.93439929989,102.601106210395,98.4469245647967,103.757195686344,100.908389058188,101.077980142578,99.570098350569,49.9799740948275,48.2733075435203,48.0782736500605,51.3968667477605,48.1041018132623,105.910708809325,101.931704179516,89.0037878272786
"138",72,29.0353688508628,4.89949560741628,103.18156304356,102.324497459373,103.436635064399,98.4469245647967,108.178852394358,111.841963701958,100.600078012379,106.242180212559,51.3744544809803,48.2733075435203,48.5176172616335,51.2845036711049,47.5403835348505,108.040763446634,98.5530278172018,119.02833116694
"139",317,28.9997219777252,4.6514900091048,104.620901191497,102.204250154962,100.435918218742,98.4469245647967,107.347726970791,104.473807176719,102.361752616232,104.976679713986,50.867437861452,48.2733075435203,48.9307136685935,51.3513723401,47.849459706281,104.095622965796,102.571810021094,87.3267026279901
"140",468,28.9954528560949,4.68362358387449,109.411819255313,101.241855640253,103.124995487597,98.4469245647967,105.755314434254,107.733210448721,102.907560197133,99.8252856427339,50.3484752041705,48.2733075435203,47.9162480659657,51.3462161791666,47.8858018815897,108.449067748489,98.8792162894852,116.456286553007
"141",31,29.0407817680698,4.68285759114242,103.735502027025,100.111538845784,104.684545757053,98.4469245647967,105.777103929719,103.906623202802,103.14709852859,97.489019219267,49.0978755766511,48.2733075435203,46.7320696034462,51.4457797867387,48.4430810751119,112.250244405162,98.682981435838,121.012518834485
"142",484,29.0609345993828,4.86904715981346,104.126775311835,103.373465429616,103.012235919458,98.4469245647967,111.2099253513,119.017891163319,102.775748035815,103.613547430265,51.353105881555,48.2733075435203,49.1150241158704,51.396287115958,48.1660598187461,109.669935458813,99.1578251147532,119.679849399311
"143",1076,28.9922995336024,4.7793500135108,102.147792192477,102.384644770981,102.888121058462,98.4469245647967,106.993573429727,106.296613205442,101.172636112877,106.413865794701,52.0007479203247,48.2733075435203,49.0110591594662,51.2846916913095,47.541435924881,109.17796054411,98.9141793161393,118.595314930142
"144",505,28.9920235242705,4.88580184128747,106.058002110151,103.490543032417,101.711474271254,98.4469245647967,105.849417250876,104.736441934691,103.62111223269,104.811417338473,52.0070333081834,48.2733075435203,49.1204322536398,51.3422283289832,47.798278684771,106.043788462305,102.302715920503,90.497605262875
"145",513,29.0392059891928,4.70298733773377,104.692077644169,101.948797776931,103.981480496215,98.4469245647967,110.387477440981,117.520237369086,103.215943885445,109.501936436284,50.8001047803686,48.2733075435203,48.645274741206,51.4285579024126,48.3466864381335,112.467725251809,98.9818764486451,117.802138367015
"146",712,29.046009742556,4.80827174404719,106.502653710258,100.024596117082,100.240225398813,98.4469245647967,105.389445338589,104.631615436456,100.358323893868,101.732593247045,51.5141314939561,48.2733075435203,47.8933197989151,51.3214255581066,47.6818410459607,101.980650765857,101.617448263708,91.7601496900079
"147",725,29.0385291334073,4.82431307061902,100.261871766916,104.234952470425,102.953573785208,98.4469245647967,106.926211805202,107.659306618059,103.710312680126,103.579668179068,51.5594198823508,48.2733075435203,49.1421262587725,51.4141118101289,48.2006261827911,107.57483022105,102.230993156241,91.8120706464588
"148",674,29.0688049563339,4.7128531412899,103.747720671292,102.849817181539,103.578418589099,98.4469245647967,107.85344179417,114.854441733867,103.221191739554,108.544924124425,51.431286130978,48.2733075435203,48.9337548551769,51.4310956503767,48.3608907661334,109.564861771235,98.7587865272082,121.229338788437
"149",420,29.0321284351694,4.54862818440185,111.626024208048,103.316131363705,104.333576050518,98.4469245647967,105.512522939088,109.192752847627,104.754273999907,104.235735340126,49.41423868409,48.2733075435203,47.7729045237618,51.4076315159228,48.1643545649077,109.011500046642,102.224922159352,90.7777333739755
"150",677,29.0581423664386,4.83435682265242,105.991978316748,100.112411605485,102.516768277547,98.4469245647967,106.193043855139,106.595900461635,100.76974666977,103.918926325433,50.8705040769662,48.2733075435203,47.7545505433493,51.3783851427102,48.0006562450613,105.069022527298,101.724658212211,90.6202168239623
"151",899,28.9841647346373,5.00082052762357,104.541123969902,103.440633825478,101.342148174198,98.4469245647967,105.657615726394,105.170298515626,104.319707963808,101.717537397391,51.9434682551271,48.2733075435203,48.9404846720727,51.3759201939759,47.9868593902041,105.975281469281,102.197658852243,88.2102068372708
"152",170,29.0327878201488,4.56108053932706,107.654010671637,100.35338530082,102.590426592539,98.4469245647967,108.732567626008,111.885441319144,100.999057615385,104.872460846429,50.6574129391641,48.2733075435203,47.7247789339805,51.3337631247743,47.8160994242572,109.11359932558,98.7768641191389,117.420296467674
"153",698,29.0332067939857,4.65560322550572,106.82693008379,101.92118576819,102.855129013298,98.4469245647967,105.506203213812,105.512718527415,102.404271099468,103.128657040306,50.4270552487606,48.2733075435203,48.2991340706908,51.2832602186552,47.5334236607035,109.19559171204,99.075908913033,116.740171426689
"154",848,28.9992286154792,4.75794502572837,105.171651640205,101.325030150433,101.588680432639,98.4469245647967,108.841526747591,116.98797441054,102.158479640855,104.228058250783,50.9919263545601,48.2733075435203,48.4542193657839,51.4483453623681,48.4574411606148,104.021692635485,99.2358301153079,114.585034000819
"155",1037,29.0837960432127,4.5393443671647,104.947486840175,102.697429601565,103.360581876527,98.4469245647967,110.237946029955,114.014067232047,102.999372371533,99.7007652983009,50.4196006867093,48.2733075435203,47.69633255931,51.3443641335859,47.875435579155,111.755746010072,98.8875433484843,119.835074474999
"156",988,29.0840926451443,4.79727884472593,105.312268009936,102.516554353639,102.96078500907,98.4469245647967,108.075151327814,114.118114509403,102.077512820628,105.130442429038,50.5396593115778,48.2733075435203,47.8521338553817,51.409113958113,48.2378544475856,109.946197209096,98.8263588281668,121.041396000912
"157",802,29.0199569474915,4.96790498362485,101.639587456697,101.160808420692,101.134250582132,98.4469245647967,106.87456689277,109.10366184194,98.7409324803302,101.585114937244,51.1953515886563,48.2733075435203,48.0146406155262,51.3658185252356,47.9955204813356,108.423267015726,98.6499424414555,118.146205050149
"158",68,29.072287423362,4.64354506366148,101.026862565701,102.304635455043,103.229021871637,98.4469245647967,109.10157148297,110.984043436391,104.339385963399,104.593566375431,51.0435485865366,48.2733075435203,49.0405604389001,51.3793894203465,48.0714797366015,111.751034611506,98.9808159782064,118.828196116554
"159",312,29.0759522063774,4.5968074982008,107.564100600078,102.639581073392,103.268184847281,98.4469245647967,111.281052344353,111.494452452144,104.700827809338,108.316069955599,51.1079333367245,48.2733075435203,49.0185699145535,51.3316489655435,47.7390636837339,109.64653316105,101.966438684048,92.4097748921531
"160",961,29.0155108639096,4.5300233268496,109.034606424816,101.276890576265,104.60632697007,98.4469245647967,103.59193821761,105.062806209292,102.350336742233,101.512437813034,49.0587723499103,48.2733075435203,47.5459064282103,51.4752030443365,48.6077694553822,111.181830318307,98.8529826691608,119.122790048893
"161",67,29.0456272686173,4.59202729587211,105.973011126357,101.105600563997,104.09129146425,98.4469245647967,108.729649777347,110.387150185759,102.675406906929,102.599563116712,50.0183973290527,48.2733075435203,47.2362816203326,51.3950217335091,48.1589771976178,108.455032952307,99.0669380570247,118.53848497906
"162",692,29.0265623742074,4.98923127615581,102.416008476342,101.725796504175,101.892953137139,98.4469245647967,104.579790976934,103.00621762184,103.502804097178,99.9269485554189,51.5689999166592,48.2733075435203,49.0857594673143,51.3837304340576,48.0305750047755,104.546842188422,102.07412319278,89.1491485883934
"163",784,28.9733439913453,4.76444091170085,97.350953466115,102.12687264691,101.428013881005,98.4469245647967,106.511807923291,101.435799775527,101.873470020681,101.451272685648,51.4044503230749,48.2733075435203,48.8259728975561,51.3294949883273,47.7922097350926,105.645554249209,98.7493066991446,116.956988630031
"164",960,29.0676752328259,4.49379194743438,106.935107704292,102.2282871538,103.117938905629,98.4469245647967,111.567716211605,113.45084729188,103.403381511687,106.677150343453,50.699361725596,48.2733075435203,48.544066288658,51.3930106329787,48.0825182990834,108.67079988637,101.879418394817,90.4949435991885
"165",750,28.9943094954588,5.2984920485452,102.101118269365,99.8986475357813,100.111450653384,98.4469245647967,103.56976196838,104.746182363938,97.8180526501476,101.67301809666,51.1214655091112,48.2733075435203,47.5867132115509,51.4724027149173,48.5268930708873,101.502082840749,101.898367979559,88.3754758245349
"166",1096,28.9922242404969,4.61790486952778,102.267674883728,101.03297044192,102.863450256752,98.4469245647967,98.6561904738486,89.0670484229812,103.025883057736,99.7937846630844,50.0735999285334,48.2733075435203,48.301111915581,51.4724321913472,48.5270580568845,105.113820754917,102.097483493589,90.8543817545626
"167",688,29.0585904633068,4.46197588124357,109.21495982907,102.32117353272,103.221848143446,98.4469245647967,110.613572817518,111.762693665595,103.774914202016,109.417184334057,50.6506508204639,48.2733075435203,48.4115790591819,51.3609661379133,47.9031582818809,109.243229404353,101.830629449974,91.4515089485136
"168",74,29.0398630240238,4.90139890792755,108.664159199163,104.534623888043,104.249824088529,98.4469245647967,111.066168077065,113.364276267949,105.219821649214,108.359461042485,51.5862032592675,48.2733075435203,49.0758020207603,51.4084354804445,48.1688545294145,113.586593577387,102.334652094854,92.34957723686
"169",502,29.0290858801537,4.60164490259965,107.130374446826,103.869434483046,103.4740017825,98.4469245647967,113.203946595627,114.671541223646,103.168248047496,107.179585957282,50.7369531170766,48.2733075435203,48.8274024743449,51.3770947661434,48.0586360573206,112.243893454234,99.042679968298,116.121277404755
"170",236,29.0288476688071,4.6864979063995,104.240920406415,103.976739116729,104.412639168315,98.4469245647967,108.609653460974,119.151709323908,103.738709028558,105.213897604161,50.6272777297132,48.2733075435203,48.3206460939333,51.4134215204667,48.2619648121363,111.889922623306,99.122739269697,117.664742600767
"171",722,29.0314909742505,4.49428459940713,105.497038915202,101.465370073758,102.677066296536,98.4469245647967,103.688060187606,104.761914237816,101.2998812816,101.606034833975,50.7011287178567,48.2733075435203,48.1489345580648,51.2650362287211,47.4314200204084,107.309717355988,98.5401997368673,117.692934490182
"172",212,29.0098147922429,4.89452189903792,104.51358003896,102.984262517572,102.505257518898,98.4469245647967,110.796373096261,112.69901977026,102.259466789194,107.765316362876,51.9502901543764,48.2733075435203,48.9824132865859,51.306419267153,47.5978475675775,108.619970226231,102.007094575093,90.8372782011902
"173",302,29.0163302265774,4.85366183046595,102.10221468833,100.049136419487,101.228267234887,98.4469245647967,106.61046894951,108.016107611041,100.611950247543,102.480932828884,50.460677743385,48.2733075435203,48.1846965375021,51.3714560826376,47.9618727868955,102.219306213181,102.050509940154,86.872908196366
"174",776,29.0523667207551,4.58691160721358,101.519483443247,101.504683660822,104.258541685153,98.4469245647967,106.474553255943,108.013633219089,101.169529250392,100.86953566873,50.2736338006284,48.2733075435203,47.7327768135849,51.3543819466052,47.9315074602006,108.09243152166,98.578317991738,118.453300992888
"175",609,29.0203497362148,4.79427536577673,108.861479958195,102.299702577741,101.566791377169,98.4469245647967,103.662806094546,108.45224630885,100.200163692293,100.770989030468,50.6344039112411,48.2733075435203,47.6213131992828,51.3249988920989,47.7018417744797,103.966502370667,101.594158667208,90.5375631246265
"176",746,28.9920086159179,4.98289638440765,110.225540991151,101.31755739071,102.31357842109,98.4469245647967,105.799528728047,112.566965190877,102.328284200567,105.889353196489,50.9286947348954,48.2733075435203,48.8291267026925,51.4290675545628,48.2843367412963,105.566933677956,102.469788688295,89.0502081876488
"177",244,28.9525772952523,5.32147234154877,102.8073265129,98.8110348155093,100.702453920159,98.4469245647967,101.196681863377,101.737295645383,97.6308771480686,102.478748202934,51.438845045038,48.2733075435203,47.8560327956021,51.4319527911421,48.3004860387479,100.841385384599,101.669570469064,89.8082768730985
"178",1104,29.0416813289219,4.82438916469784,106.271024244362,100.619022036211,103.708754138434,98.4469245647967,107.053961437099,110.648862532748,101.650492688967,107.649996753612,50.1117932161686,48.2733075435203,47.9295151267029,51.3391458214824,47.8462275499209,108.018024799497,99.0467109800507,117.819989098297
"179",466,29.0326470925612,4.7488819916975,103.087401075578,102.622710211791,103.320701419076,98.4469245647967,107.920119055134,108.344786255818,103.449313209571,104.412735185645,50.9588028046957,48.2733075435203,48.4288343400235,51.3873055390645,48.1157879769574,106.501646681901,98.6368455804783,115.834427259569
"180",551,29.0707100061406,4.91553108039754,103.699160959998,102.687280931591,103.367117554392,98.4469245647967,108.418767374237,108.788958938007,102.993939169773,100.920557201979,51.556008985468,48.2733075435203,49.0269659273717,51.3911040654031,48.07184682517,109.968104645741,101.696479920728,91.7517687237178
"181",159,29.0092254127439,5.21926682281472,98.6372265012687,100.28570321172,100.333720186732,98.4469245647967,103.589665993589,103.732487240528,97.1567472308303,99.4654479423602,51.1740308587023,48.2733075435203,47.4374832720309,51.477675516165,48.6216084186363,105.418923364204,98.6901261765198,117.047462649576
"182",36,29.0540013333015,4.5927998091763,105.394321322126,101.597141776282,102.601784126912,98.4469245647967,105.505130733672,103.20787921509,102.980299114108,105.310123662855,50.1838329481808,48.2733075435203,48.0516477566163,51.3803244202594,48.0115108038202,106.187650085783,102.068261311442,92.2046472999903
"183",307,28.9943880899493,5.03772609464046,105.100481351267,101.374134779335,102.60868274049,98.4469245647967,104.085523985309,104.146903325375,102.411250639635,101.366776995201,50.1528069631734,48.2733075435203,47.5797475177666,51.4514932168507,48.409858056753,104.488181637903,102.374683942422,89.0065556141027
"184",1092,28.9567583248703,4.86017844718364,108.800655779374,103.242485587799,101.910511907099,98.4469245647967,106.13415957032,106.505826195012,103.61903802236,102.68240355707,51.3632794724711,48.2733075435203,48.9850420465999,51.3017627770578,47.5717841784717,105.969713169598,102.252263213931,89.8304881667282
"185",438,29.0043767163399,4.88025677676176,109.642275332861,102.245009567168,103.776424596689,98.4469245647967,110.054401505367,116.157641129655,103.28732512187,104.897229863922,51.2314874791078,48.2733075435203,48.7232722956076,51.3692971925841,48.0149913400335,109.477211886598,99.5371625606749,116.147306411412
"186",801,29.0948823005314,4.95130492667173,104.888219013113,100.358331695718,101.379657360579,98.4469245647967,105.399146031523,107.878819400566,101.1421472812,103.52417755652,51.3371395262197,48.2733075435203,48.0284887827476,51.3619732079439,47.9087950721516,104.134276667636,101.919555918822,91.9994238279634
"187",1008,29.0482827405884,4.58402798986283,105.39378786318,101.926575485119,102.962844544818,98.4469245647967,107.466362910477,109.304760808163,102.130823360906,101.810901256488,51.1672438714774,48.2733075435203,47.693857083302,51.3129438248022,47.6995692684999,108.104067449189,98.2667694351311,117.469885737336
"188",804,29.0222115804122,4.98178693756594,107.565964814746,104.224812472799,104.161289734505,98.4469245647967,110.089574232729,114.741078657373,103.860654639671,103.933674367331,51.3996801704765,48.2733075435203,48.8647578480368,51.4129259342053,48.2591909079074,113.250818834346,99.1752215057928,118.448871683654
"189",249,29.0758162034167,4.80375050145991,102.408459156207,102.376146269729,103.01202795838,98.4469245647967,112.796845343106,118.195849438669,103.896859792439,107.667959584803,50.9592183677563,48.2733075435203,48.3696601570692,51.28570384889,47.5471011912764,108.625911307841,98.944336725032,118.358609129726
"190",380,29.0304745264061,4.78062258479821,99.7045643375614,100.688710912661,102.307613565796,98.4469245647967,103.943787890085,103.739673707324,100.972079816548,98.1240930935948,50.4218352276938,48.2733075435203,48.1156017061699,51.40927533789,48.2387577253413,104.74691288031,98.8712202145045,116.972845357348
"191",108,29.0709033396217,4.62913766157196,105.323048071651,102.908994379219,103.706495184628,98.4469245647967,106.630640809599,112.467387643767,103.747414327359,105.126742274674,50.9821668985563,48.2733075435203,48.644729143363,51.3041207879467,47.6501848098289,110.676517295423,98.801077009886,121.613343005434
"192",205,29.0039781870986,5.01870005604765,106.876495074929,102.41190297653,102.830389349699,98.4469245647967,107.894680292662,109.780575683864,103.650089251698,105.584913006119,51.3501617223923,48.2733075435203,48.7228890539969,51.4336508057264,48.3099901961529,105.926791138096,102.183135071773,89.4982733408846
"193",954,28.9973558888943,5.04325654387506,100.731417863972,102.29007538898,99.9628923900657,98.4469245647967,105.641052954218,105.76990609931,100.171420617414,99.7628781555991,51.4102336276882,48.2733075435203,48.0115363499331,51.4362186264306,48.3895651787361,107.158970320811,99.0259712846919,115.64143551661
"194",1066,28.9551288749267,4.94761073835152,105.870164952125,103.560823488559,101.916709117836,98.4469245647967,108.09457477104,106.866868006317,104.366814418424,104.07486140639,51.3901954039327,48.2733075435203,48.8342294637616,51.3847489742971,48.0362759963033,105.605259476771,102.624237214187,90.5519123214021
"195",666,29.0727226869833,4.84186334297308,107.261898852152,102.335402893226,103.873315294086,98.4469245647967,106.536925724926,107.104732807233,102.23035717857,102.606931301313,50.1725617202353,48.2733075435203,48.3327489042481,51.3964164333283,48.1667836362291,110.496783563746,99.0417517586562,120.010488002763
"196",426,29.0323184458723,4.88097769489069,104.852029179569,102.380554208988,103.441699999488,98.4469245647967,108.195726597812,109.087495336878,102.884734425392,100.768586672014,50.8894897082962,48.2733075435203,48.6276940362284,51.4286842530613,48.282191319321,108.511311056477,102.061840106896,90.7005238996025
"197",999,29.0035650488334,4.28879350797444,109.219053725984,103.020823468296,104.893126020799,98.4469245647967,108.304688878456,115.986544171372,105.103863520202,105.291284334374,50.9757224487783,48.2733075435203,48.5655840564749,51.3314146950681,47.737752420866,107.030803084823,101.626334086905,88.6514148733048
"198",418,29.0185141711541,4.8502455946203,105.081196590685,100.535891993163,102.543269211619,98.4469245647967,106.586262488957,107.017715558531,101.490628356463,103.573870117572,51.103691571696,48.2733075435203,48.6489185559976,51.3252023611754,47.7681829661186,106.306729599309,99.2889435493258,116.265100790564
"199",378,29.0026114190011,5.00361177254999,102.40558992228,100.466894592588,101.939626578689,98.4469245647967,99.3245932977736,97.1043886356695,100.154037637719,101.557371215496,50.6317154903076,48.2733075435203,47.4179296817598,51.4056004602799,48.1529863041721,101.341899284587,101.406126443476,89.9563045061164
"200",622,29.0393854235495,4.71510949724212,107.797912374301,102.017643940799,103.485359143203,98.4469245647967,107.534087529503,106.877198726101,104.010823223408,103.038533978722,50.5687164788295,48.2733075435203,48.4065540094217,51.3988085254405,48.1149703657979,108.992276973328,102.349317332188,93.0244542184538
"201",10,29.0526428145502,4.78183418631158,105.217244958768,102.854901965445,102.441081734909,98.4469245647967,107.584532738868,109.953178092427,102.173881113062,104.597988757812,51.5110283704662,48.2733075435203,49.165561472634,51.3580553131096,47.9520680924734,107.49254438992,98.6938851376447,117.827226792081
"202",821,29.0290268449085,4.63817049832102,112.345862109202,100.792990383608,101.84166513446,98.4469245647967,106.221184307724,109.386773610048,101.811615374172,104.872421025613,51.2987934444524,48.2733075435203,48.0287523750029,51.2940779083814,47.5287702949582,105.376096472018,101.38417785318,89.2598966476826
"203",240,29.0424396576272,4.61720216020239,104.645949533782,102.604854987578,103.702372599357,98.4469245647967,107.045799986047,106.973344447146,103.601486213462,103.027546723942,50.2815794132131,48.2733075435203,48.2091674051069,51.3843540510256,48.0340655247505,107.524006979229,102.208395018381,90.738086972749
"204",118,29.0449558202894,4.54590430907144,106.550592791789,101.549065307693,103.248799287521,98.4469245647967,105.372857260101,109.648844807451,102.48722512929,101.031305578263,50.2131070511421,48.2733075435203,48.0138213264354,51.3579803539977,47.9516485300007,111.552005796014,98.6832147492401,118.161867515075
"205",814,29.0085502654529,4.47312874194885,103.761937147523,101.935768725956,103.287531306122,98.4469245647967,107.121591977047,102.648346515581,103.193099213856,102.814706681885,50.63168211619,48.2733075435203,48.5544333702298,51.3536642139922,47.8622878235566,105.203084127727,101.901744392886,90.4767188912502
"206",941,29.1094502690266,4.6722370932322,105.429771497309,102.24917490892,104.583246419494,98.4469245647967,102.704463313074,99.700620325382,104.653600986737,100.521817718769,50.1534431052136,48.2733075435203,47.1483230939242,51.3000051522591,47.6271487006248,111.71233085707,98.5273915640455,122.661831085483
"207",131,29.0162140214865,4.46286103879677,106.671895305107,100.704089598339,102.269556907849,98.4469245647967,109.021339725811,113.456411535442,101.133717798289,107.86481208933,50.7627132070835,48.2733075435203,47.9598811705767,51.2975380838424,47.6133399814435,106.849751147111,98.5991000841284,118.960612173846
"208",965,29.035475977855,4.60309018590104,106.723262165715,103.061233464686,104.429887397566,98.4469245647967,111.650277289458,122.218147358868,104.331277126077,108.351442524667,51.1813573661206,48.2733075435203,48.5751613728608,51.3466023057179,47.8879631159836,107.774894689104,98.732457469301,114.251753860826
"209",1050,29.0308978196665,4.93611247572301,100.46838107034,101.550999415478,101.723008366995,98.4469245647967,106.172520838229,109.09443739551,100.063552248846,102.203473840044,51.1251442571729,48.2733075435203,48.2703678102041,51.4005556326077,48.1899516359882,104.922480521416,98.8590374552012,116.16686344653
"210",751,29.0159834680775,5.15179814855001,100.514792617734,100.795316129588,100.744468874912,98.4469245647967,105.02817524238,103.913572037894,98.49693342878,103.40437454672,51.3747686131678,48.2733075435203,47.9765765888304,51.340361950709,47.7878321591296,102.599620213419,101.350818679765,88.9764667084833
"211",927,29.0543782120969,4.72920667382605,107.024957690565,103.631902610225,104.058782935637,98.4469245647967,115.539811146288,125.119610493661,103.97167894449,107.026259183051,50.8212669115903,48.2733075435203,48.5380052339059,51.326093663852,47.7731717812983,111.605366977686,99.0824932385279,117.690633938678
"212",152,29.0205025351818,4.56233051278788,102.030592891623,103.151645596298,103.662307679945,98.4469245647967,106.510246738671,106.131682666623,102.967133917055,102.602357415902,50.1517154741791,48.2733075435203,48.1923361110337,51.3438777651982,47.8727132693722,109.462635807599,99.0880073111369,117.752071290984
"213",285,28.9457547481501,5.16977051996829,99.8693385825168,100.555671514465,100.303509773045,98.4469245647967,103.299508592151,104.099585659213,97.5983965925275,104.176356349988,51.1135711539371,48.2733075435203,47.6483508409635,51.3893672377592,48.1273277535274,100.065177774266,98.709940014387,113.124503798186
"214",315,29.0680696720843,4.56656969976788,100.40387772073,102.889024811932,102.705445418309,98.4469245647967,107.171281215239,110.305739204019,101.636313193376,106.443141386275,51.1668268049187,48.2733075435203,48.9852419652453,51.3303193403071,47.7968238126425,106.666683257004,98.5518006986802,118.829978501905
"215",30,29.0336822923033,4.64411813162165,108.509710482887,103.960531400363,103.240045051735,98.4469245647967,107.984418733515,110.388094376327,104.394926532988,106.580407176735,50.6430575098993,48.2733075435203,48.7520298180079,51.4446399005044,48.3714985527177,107.838932251034,102.257853731411,88.2388003894993
"216",670,29.1197854854629,4.65990868953267,109.305857288991,102.233398258492,103.710063302835,98.4469245647967,102.156217920706,103.2796409592,105.568709326922,105.234404152475,50.2124344469325,48.2733075435203,48.2763515083482,51.4282661542005,48.3450534598565,111.267684825373,98.8506107390855,120.793466088792
"217",206,29.0129312046281,4.4078041933981,109.340482736542,101.476424503963,102.531681071672,98.4469245647967,104.869507137313,107.23854409122,101.480840785748,102.604962112054,50.7991029160794,48.2733075435203,47.8771153769573,51.2961378527097,47.6055025828654,108.71578698786,98.5695004750625,118.406271313978
"218",128,29.0290585274608,4.91194137748663,110.370421099175,102.77470967939,101.859760813723,98.4469245647967,103.865496815792,106.183681578643,104.293378599585,102.299308295841,51.1128911218975,48.2733075435203,48.8883324821812,51.4266665879006,48.2708980080305,105.286580572461,102.184796381905,91.9106484693479
"219",715,29.0507941684187,4.57550997087468,107.538463932733,103.108141710834,103.410821288354,98.4469245647967,106.298800044215,109.161981726514,104.695909335663,102.317986588163,50.7837757290505,48.2733075435203,48.4322953049995,51.4063489227453,48.1571756115831,105.351305866339,102.079966883085,89.988987859814
"220",554,29.0729937683135,4.6504410449846,109.443840179266,102.356763256589,102.809250914359,98.4469245647967,108.717455059368,110.348489812485,103.647480763474,102.680338881922,51.046646732251,48.2733075435203,48.3477714651846,51.3430038816372,47.8026196218674,105.930475392471,101.998873927276,90.5878000994683
"221",885,29.0616586959785,4.45406644170117,110.169861344065,100.380518678305,101.597140576994,98.4469245647967,106.066792047634,114.471733420696,98.7703611696184,101.159147377582,51.3452137158092,48.2733075435203,48.0601884481204,51.2184624373959,47.1707363679988,106.832647210475,98.4352108065386,116.69051743642
"222",769,29.0482943425942,4.89343666194976,105.621409938164,100.247092580957,101.490383145597,98.4469245647967,102.816705884671,105.192341868772,99.5514877355936,103.910253490851,51.0724719877751,48.2733075435203,47.7210222163995,51.3632843701785,47.9161339327104,102.843835379279,101.382094924456,90.7801621898488
"223",147,29.0283786365123,4.89757265515659,105.985097164178,99.8680500739306,100.286486711841,98.4469245647967,101.82932399973,101.865275221948,98.4432448467338,101.685392104668,50.9676595776589,48.2733075435203,47.5825161584999,51.4148504663706,48.2047606026331,101.699528886097,101.492275707932,88.5778677006512
"224",929,29.037760095023,4.98435819347236,104.681126979074,101.375781072218,101.610813943427,98.4469245647967,104.941901999697,106.988704784612,98.7899070300013,105.269936290816,51.1288554368216,48.2733075435203,47.8789162835287,51.4037003210796,48.2075531421834,104.207520504357,98.7284782413379,116.939300127041
"225",859,28.9633867866852,4.86715260076395,105.44464140886,102.014258208682,100.398400499089,98.4469245647967,109.2178270376,109.709641609777,101.823483443944,103.783332839329,50.9497902635155,48.2733075435203,48.8224956644626,51.3097589414083,47.6165404516643,102.966885989812,102.484117173338,87.1779746363958
"226",895,28.988960018167,4.9581155500301,103.897271624706,101.886163738058,101.277467123124,98.4469245647967,101.975335016685,100.758498488903,101.018982854921,105.325857715555,51.4099409512602,48.2733075435203,48.6614482418574,51.3807877695209,48.0141042705406,101.308856672442,102.007997569501,87.0483616876439
"227",671,29.0240460560427,5.49729316290161,99.3795285573717,99.3158741657859,101.3222009664,98.4469245647967,103.822169661746,110.341577068852,98.3500074650063,107.374761363564,50.9448071428446,48.2733075435203,47.2227662743194,51.4556033538074,48.4980657192711,103.458522388142,98.4663093122626,118.32647515516
"228",626,29.010413608277,4.94768223655456,106.218128368852,101.613772522719,101.886454094309,98.4469245647967,110.427209615363,117.185192054897,102.123134717,108.554966227315,51.1785570566076,48.2733075435203,48.8784598456298,51.4896728314027,48.623557673765,111.449532156832,102.279726139323,90.926136338765
"229",1043,29.0802560790168,4.72414325445822,105.583442915349,99.8845384352328,100.214504782209,98.4469245647967,103.761995064189,103.444951844321,101.379467532958,103.932560317981,51.7852550293125,48.2733075435203,48.7347516360708,51.3567428586639,47.8795196682194,102.311600364168,102.050636342708,90.4378891472104
"230",571,29.0339590895236,5.19850649706121,98.6623823723939,99.457707574737,100.206652310082,98.4469245647967,101.640843939889,98.6236477682948,97.6845364154218,103.64741721819,51.0891966828464,48.2733075435203,47.5380405841086,51.4599682960355,48.4572949205657,100.053990743354,101.5530692394,90.4904162004894
"231",177,29.0612081007395,4.9098570671033,100.192439991991,101.670922182115,102.726224611107,98.4469245647967,107.574909938547,113.506173348214,100.915552388589,101.71802054034,50.7644670918317,48.2733075435203,48.0916414967107,51.4516045557208,48.4756835755634,107.493536959371,99.0714785918645,117.419877486996
"232",707,29.0534605974925,4.63721867820949,106.544466878008,103.628062795387,105.314629781646,98.4469245647967,115.621741464642,118.89570833646,104.746432281672,107.330441076093,51.1922057780317,48.2733075435203,48.8980884137569,51.2897723469207,47.5046711298416,110.089669069806,102.394192948718,89.0953581640549
"233",1098,29.0165626212374,4.87502936433784,105.687884344556,101.941948966821,102.06979773046,98.4469245647967,103.492623703359,99.4609656771276,103.369586969374,102.413556904779,51.1265365650534,48.2733075435203,48.8569808797051,51.4046026302216,48.1474012320384,105.698908548051,102.152504439429,89.8318439344003
"234",854,29.042582032168,4.93185732400445,106.912209855149,101.209545143909,102.008669814618,98.4469245647967,108.869277957995,117.409628732368,102.113381771151,109.452291766203,51.4013746196815,48.2733075435203,48.0736401769381,51.3708873509825,48.023891802878,107.337343168547,98.4205588729073,118.502169774945
"235",917,28.9776577671394,4.76559624083368,100.158785694917,100.633427604635,100.794042350669,98.4469245647967,103.004724134889,100.210012105646,100.299285359204,100.942947357244,50.701164914764,48.2733075435203,48.7075159813568,51.3603677385075,47.9650112410021,101.458059310426,98.9580919154933,113.327923011024
"236",515,28.9940363888975,4.67302676420662,103.085267419751,100.767119526191,100.824504039863,98.4469245647967,106.19713737342,103.796743467166,102.26724673039,104.96060943335,50.4634870454708,48.2733075435203,48.6055077862827,51.4372125956661,48.3299263100953,103.05523717273,102.208827181659,85.939750694223
"237",655,29.0070171800617,4.65511126840184,106.996411509897,100.499737242067,102.322877209368,98.4469245647967,103.676460288456,104.897237171081,99.5219560043715,103.344875971532,49.8832136899195,48.2733075435203,47.5991713412177,51.3922567003022,48.0782983737092,104.608689037288,101.634593720438,91.2224671356416
"238",475,28.996257803118,4.92295871953567,104.30113048707,101.723376643742,101.856060864041,98.4469245647967,105.046209991701,108.09718662841,101.413908322781,102.327241389597,51.2610506782761,48.2733075435203,48.295896508081,51.4002855564057,48.1884399606715,103.933480080499,99.1352985373253,115.47277998174
"239",281,28.9346981280111,4.84185377395135,104.50609612672,99.8164187532954,101.773200645526,98.4469245647967,102.953419689176,101.22928351389,99.8113162995089,104.773174901608,50.4531055576731,48.2733075435203,47.7613205461914,51.3855740888818,48.1060966732277,104.195227378436,98.7586929173649,114.824026413661
"240",957,29.0531732622213,4.78911796436703,105.744949246079,103.408981161777,103.05283790471,98.4469245647967,110.276708364363,114.55569637446,105.824713755127,105.451714171108,51.6472004377976,48.2733075435203,49.0724531030241,51.4220335374389,48.3101681465666,111.249206490954,99.0583087977709,117.830697265121
"241",272,29.081402782456,4.29722480397215,111.323430610279,102.025610251032,104.260662587545,98.4469245647967,108.598545770355,121.876627050957,102.12957961913,104.294922006917,50.9663641677801,48.2733075435203,48.2199648030438,51.2438582530981,47.3128822789242,110.274129352753,98.3447583453706,116.547829915483
"242",606,29.0725486420886,4.82512342296304,98.1233975196116,102.303411209365,104.650824954844,98.4469245647967,114.277894798606,118.477014272891,102.940751576125,106.490768451984,51.5294915221901,48.2733075435203,48.7909976952553,51.3347736376352,47.821755484799,108.356583256647,98.9958075818086,117.098151365689
"243",104,29.1006102928315,4.75363482542115,104.275275475429,103.734371876417,103.992577008466,98.4469245647967,114.510884691973,124.204630576815,103.984678607187,110.083223518244,51.9261761454071,48.2733075435203,49.0373433733479,51.356119550198,47.8760308749983,109.22170574473,102.106545645706,92.0668060496806
"244",73,29.0316602052125,4.63395477595771,109.087164114177,103.141008470437,104.031469054132,98.4469245647967,111.671001691096,117.767971587158,104.327356576952,108.287365250732,50.4173526672279,48.2733075435203,48.092114922241,51.4126322464182,48.1923447424983,107.403642543284,102.215101988351,91.0652800207812
"245",126,28.9606792688043,4.71301616964241,106.661362383502,101.968675600012,101.731313295336,98.4469245647967,103.099622330899,102.904171557396,102.84246179696,104.143254866657,51.013052598776,48.2733075435203,48.7436455878232,51.391353157592,48.0732410483961,104.640186796624,102.01587917311,87.9188657916151
"246",582,29.0342042591756,4.87312855667612,104.465766100024,102.071270494001,101.740390290037,98.4469245647967,108.570967114895,109.995186507402,100.871520419215,104.787077321652,51.2205460721273,48.2733075435203,48.2586179192772,51.3705949451942,47.9570528130953,104.376842660121,102.004630523714,87.6726713204353
"247",747,29.0965829817352,4.57433444425454,109.643278225352,100.62186275084,105.457104092276,98.4469245647967,103.966814636147,102.635446989497,104.872406721698,102.303362199427,48.5229202054938,48.2733075435203,47.2766946091807,51.4534005037327,48.4205335567804,107.447770457172,102.172589341401,93.0598637527484
"248",529,29.092638757411,4.64534887604513,108.198649123043,101.458254100417,104.976915684482,98.4469245647967,105.954343603376,105.108426458933,104.049604266995,100.531223195815,49.0206686297278,48.2733075435203,46.875916729619,51.3990536297802,48.1163422681635,104.97007348692,102.153485452495,93.4526646757022
"249",810,29.0546070898955,4.79828532046301,102.723868988835,102.17136183779,101.581618295506,98.4469245647967,109.723734518452,112.725333958899,101.2083994723,102.967040420641,51.2928567331875,48.2733075435203,48.8359902106946,51.3457079085909,47.8829569804911,108.972920484743,99.0725396254834,118.553410284776
"250",234,29.0809887380945,4.81232388703413,96.2848068294651,102.142287992704,103.156681019459,98.4469245647967,111.210376715555,108.039539462843,102.240473366259,105.526089546272,51.5385138580487,48.2733075435203,49.1379305117865,51.255806247805,47.3797578072105,107.718900479242,99.4529737477375,120.259887646676
"251",219,29.0528931164276,4.88978372490299,102.529015237946,102.124956912775,102.781363976106,98.4469245647967,108.311514946781,105.684316110156,101.832772032348,102.08469653079,51.2219073440554,48.2733075435203,48.6189705025083,51.3877091985133,48.0528450158885,107.495210000264,102.235314021538,89.5196758730538
"252",509,29.075237819513,4.77420175182047,107.682287519975,101.059490559277,101.337984550429,98.4469245647967,105.695331304213,106.450683794228,100.347655508894,103.170389335281,51.5240968409996,48.2733075435203,48.074184674045,51.3370736123327,47.7694266131369,101.956225754869,101.775598619659,88.6515982012763
"253",996,29.0346078939847,4.89318884724532,102.079589951242,101.267106764336,103.151334245225,98.4469245647967,106.924295859785,107.259930824378,102.470127549354,101.677060393612,50.4462424455551,48.2733075435203,48.3646658938305,51.4477596610343,48.388960531793,107.773311039986,101.93344191682,92.5721074268895
"254",342,29.0554614852521,4.64631462989819,99.0555939700507,101.452717601976,102.029094293034,98.4469245647967,109.176430170861,112.611771852259,101.783049743923,106.08668690962,51.2498653993609,48.2733075435203,48.8487817564884,51.3307507996858,47.7992387847438,107.433674612296,98.9867878711448,117.876646375734
"255",974,29.0798293256518,4.74723351320029,106.816546304857,103.597005655208,104.237181512405,98.4469245647967,116.175628788669,128.241023357001,103.922768654734,109.951011903529,50.2577242643674,48.2733075435203,48.276774393526,51.5334588292035,48.9338397696305,112.35589659729,99.5030658571024,117.17066933045
"256",1033,29.0526015718247,4.71474410948117,111.019377787584,100.311623998527,104.210261639611,98.4469245647967,103.035553408357,104.818431485922,101.958893518107,102.36139791587,49.6346583226745,48.2733075435203,47.1176491255819,51.4109598090295,48.2481860771359,110.280337503951,99.0098705398991,121.353862824075
"257",768,29.0568999753407,4.8942242056257,100.95885421791,101.394955958056,101.610132945474,98.4469245647967,107.045068005637,107.165520728789,102.562314226658,103.149689024987,51.0913241562097,48.2733075435203,48.8488948393859,51.3595182082063,47.8950539039956,102.431202723292,102.034469986271,90.0365696908105
"258",501,29.0650233866024,4.76082926950306,102.992137777914,101.983961617142,102.425224561002,98.4469245647967,110.160438309955,115.563098167484,102.685652672725,105.748164864826,51.5633955925644,48.2733075435203,48.7458264615607,51.3601273097612,47.9636655089508,109.077916979028,98.9745264284827,117.466934296095
"259",399,29.0009930202442,4.6965600865624,108.560615211023,100.801565634452,100.318738000082,98.4469245647967,102.389658879409,96.8010259186596,101.874770374471,107.096869328464,50.9549159200958,48.2733075435203,48.6617005404891,51.3689438613776,47.9478113374175,101.759129719192,102.007959417792,88.8874885034099
"260",407,28.9919159362404,4.77369611013047,103.205449989621,103.155734985743,103.355550721706,98.4469245647967,109.766103466854,109.599471848922,103.089527242508,109.909531466136,51.3243983426373,48.2733075435203,48.8969105220005,51.3327745460153,47.8105661336607,110.895721424916,99.0272795843312,117.25963132241
"261",952,29.1350890710887,4.3664124585788,113.856213813957,104.004213043635,104.815754081497,98.4469245647967,112.415019625442,124.338831308138,104.985998664489,108.699564680662,50.608346433734,48.2733075435203,47.6824861478647,51.3192961390362,47.7351245546092,115.106699602318,98.5257641403016,122.477540933871
"262",593,28.9948562621259,4.75242258738053,106.010151237722,100.975697436605,102.742158167725,98.4469245647967,106.336840949057,109.924378442793,100.569469104647,103.707721138011,50.8174653184426,48.2733075435203,48.4761573361835,51.3541920251148,47.8652420973509,108.229011330234,101.712504773877,92.2772303001747
"263",1016,29.0954284679274,4.90233647588737,101.835934672823,100.900666743471,102.485344769544,98.4469245647967,106.748619881957,108.343052913959,101.282062603543,105.748239339189,51.1533598776499,48.2733075435203,48.6604237276564,51.3452625665664,47.8804643041984,106.731353621822,98.493916649181,120.706812520653
"264",1002,29.0215261506429,4.83548701367567,109.251892734283,101.268480722835,101.338454513303,98.4469245647967,104.805661507334,104.866337367367,100.472871161119,104.784912420909,50.7875730331572,48.2733075435203,47.7640506681343,51.3868938982339,48.0482816026769,101.285846497947,101.837092765832,88.4578000527637
"265",778,29.0649905511896,4.59283139877908,109.503072447138,102.16762851734,104.17714906421,98.4469245647967,108.177679844915,108.205750347472,103.44985392865,105.997653848024,49.9762005137209,48.2733075435203,48.0393064747768,51.4071177581911,48.1614789510023,108.140862685903,102.120780298135,91.7889193926277
"266",882,29.0338341046104,4.79926439111027,108.62112240303,101.92274893777,103.603901572335,98.4469245647967,100.866321806589,100.755811958848,103.431276098652,99.4312203451957,49.5898988913717,48.2733075435203,47.3956825723105,51.5196574318566,48.7913880122444,108.315715787101,101.909177723887,90.8831272515484
"267",618,29.0217702583541,4.52187680882223,108.991173334803,102.745405345759,105.279635330133,98.4469245647967,108.487291526305,116.082638040696,104.370192643823,106.745490035475,49.5743503686752,48.2733075435203,47.1667765280598,51.3856461685906,48.0412977881456,104.900573308732,101.961169945517,92.4479251644977
"268",870,29.0464793375342,4.6799954308892,108.048109819179,99.9856949731056,102.778983008137,98.4469245647967,104.079814943643,106.354923345156,101.456668131431,100.524675083845,50.1528890737087,48.2733075435203,47.3389160566877,51.4517185144393,48.4763214273274,105.743017715943,98.7384754738522,117.242686281624
"269",216,29.0726403516533,5.00422256953029,100.511510846817,102.106698987357,101.754368577987,98.4469245647967,108.331922545002,104.883493186215,103.541356327948,105.480880488019,52.487376472077,48.2733075435203,49.645580948226,51.2877248354134,47.4932107620492,105.297479975615,101.88758816476,93.5033336337205
"270",669,29.0469521622655,4.63656692682649,103.893056624025,101.775537951491,104.021226688285,98.4469245647967,108.232474952824,107.07305832292,101.814332615635,102.045449925095,50.0222137481919,48.2733075435203,48.0549827491867,51.3828274153225,48.0907229431739,113.537708928147,99.0723913413248,116.982899791411
"271",360,29.0142122315232,4.72431807964209,104.111992159898,102.556875604839,102.931693669838,98.4469245647967,111.544915446769,111.96717210757,103.011720271367,107.952760554521,51.6476939159683,48.2733075435203,49.2430173269448,51.3354335434327,47.8254491212547,108.703305737508,99.0710989101209,117.279468371464
"272",930,29.0264210174761,4.85415821202078,109.609945685478,103.632354586859,102.283687733186,98.4469245647967,110.691491800676,113.711809193706,104.012413883407,108.187982419825,51.3760141374458,48.2733075435203,49.1059160116524,51.3823169005215,48.0226631497494,107.288097145578,102.321201689239,91.658905288115
"273",966,29.0067551485258,4.94028748279259,106.165309021474,103.328973633984,102.208570962003,98.4469245647967,100.44981571576,97.8247587533257,103.674003219805,97.0126872707197,50.8264248224874,48.2733075435203,48.5663927147296,51.4484044072602,48.3925693168252,106.09637504581,101.997454893927,90.3445122902203
"274",709,29.0198851325792,4.44401140785457,105.506259208707,102.798762891608,103.949932665738,98.4469245647967,107.278198076542,110.261635830414,104.675277378326,103.431864662417,50.8196845416957,48.2733075435203,48.7480164042485,51.3342696974678,47.8189348219388,107.656048204572,98.5924362091284,116.820242421362
"275",290,29.060666884469,4.36806461251165,113.133934800183,101.957611363915,102.639348703142,98.4469245647967,105.520988510032,109.928454087887,103.454218953831,105.377699501161,51.243412409853,48.2733075435203,48.1961124553701,51.2381623745088,47.2157988751615,103.98460678203,101.475803609062,90.1432388757106
"276",646,29.0090474830351,4.73289611981836,105.065256670616,102.294034642423,102.375374568737,98.4469245647967,108.998832147324,114.995243233369,101.063273053001,104.786812767663,51.0059223419107,48.2733075435203,48.72090893537,51.2495952238898,47.344993353784,107.255193784816,98.7118283607253,117.872403888591
"277",638,29.0122318721856,4.61746088205674,107.652467625345,101.703646224853,102.959769045354,98.4469245647967,104.915790542266,106.992326316706,101.949759723121,103.40828513105,50.4130427311594,48.2733075435203,47.86246732209,51.3994294688068,48.1836482519503,106.65368087387,98.6975174138876,115.157298976765
"278",649,28.9770763661545,4.54860751737019,106.061694228295,99.8543505588765,100.056075407637,98.4469245647967,107.639194604933,109.958418744277,98.7200247108527,104.406415013384,51.6237920988282,48.2733075435203,48.2215443464802,51.2218325503717,47.1243972933243,102.464227546415,101.490513920028,83.8582923744026
"279",1006,29.0516164302946,4.44930507797816,105.926779637296,101.556773353005,104.036657852377,98.4469245647967,106.638223884917,106.086940713212,103.372664055313,103.034404734148,50.3253088901413,48.2733075435203,48.4618967043691,51.361322185657,47.9703534895474,109.844088411522,98.9747163829382,117.123627006509
"280",507,28.9568941748842,4.74977298249486,100.022915354626,101.536243795409,101.316716958286,98.4469245647967,102.25096173896,98.3816681874096,102.372926544714,100.026701010234,50.5420228379069,48.2733075435203,48.17834080749,51.4395164558286,48.4080238480442,104.231745700409,98.9161619146535,113.540148013484
"281",334,29.0543472896653,4.27012395267869,107.150751431485,103.061110602548,105.101939346383,98.4469245647967,113.762546029474,122.789094599827,103.769893338174,108.946514156202,50.8273595791284,48.2733075435203,48.3551183765557,51.2016522037543,47.0766458295467,109.313809916136,98.6138478867828,117.36912758536
"282",1012,29.0844989219023,4.44747219346639,106.810760841248,102.434349576356,103.594133343664,98.4469245647967,106.19259445592,105.416434235788,103.835231591241,102.567961987399,50.2427832149434,48.2733075435203,47.8174583281008,51.2665307003841,47.3745825728488,106.442176907668,101.56815770369,92.7703768006923
"283",856,29.0781876659973,4.3964945453051,110.649953199671,102.356243246911,102.505569154425,98.4469245647967,109.442304294775,112.660662570664,102.889874188619,107.973405504928,50.9953097401914,48.2733075435203,48.103129718704,51.2416729549224,47.2354483582344,105.481793207546,101.697517061563,90.8919906735675
"284",460,29.0247712154216,5.23436617869595,100.301160373654,99.2141118326267,100.956805341774,98.4469245647967,102.359289596108,102.834922945086,97.8096933541807,101.13586373337,51.7575337545942,48.2733075435203,47.7210451676942,51.3541382469833,47.8649410894377,99.2717397557399,101.40932581022,89.0964879848011
"285",186,29.0799217390425,4.77754748774391,104.81225998177,103.194495267159,103.849913342689,98.4469245647967,107.566571841043,108.164343415616,104.547426949813,103.861259077027,50.822919673715,48.2733075435203,48.5457784472618,51.37189858127,48.0295518790124,111.781846667109,99.0607390310543,119.607975308651
"286",103,29.0115525715893,4.79308388063381,109.352072550333,100.76909808303,102.417698824239,98.4469245647967,105.977290428474,112.027518444982,101.828817059871,106.933203850665,50.7248130749506,48.2733075435203,48.0305251955168,51.436971454705,48.3285765916227,104.292873975173,102.418887069622,89.1790589446434
"287",869,28.999607480988,4.80368658031582,100.985050619503,101.010144971367,101.947412048657,98.4469245647967,106.119689434686,109.567229360162,100.822647699988,102.122163841147,51.3421716370352,48.2733075435203,48.7177542579971,51.3733704947928,48.0377904995378,106.863184322825,98.7722951650877,116.451071417069
"288",235,29.0367590182323,4.80295053836639,106.182439911631,103.335142403884,103.194406460579,98.4469245647967,112.30149725364,114.403159737301,104.166898191323,103.630674926093,51.3195798040691,48.2733075435203,48.3377507951435,51.3820974838181,48.0214350266778,109.793171792041,101.948481867053,89.2063864600243
"289",456,29.0179089077783,4.9109679639105,97.9196078156363,100.626762015684,101.55029176839,98.4469245647967,105.747161827774,107.97380047927,100.807379824366,104.129040208594,50.3550186184553,48.2733075435203,47.9077324895839,51.4358963204136,48.3877611617705,103.998464278133,99.3004804705171,116.017081620016
"290",524,29.0083598843565,5.18911751923445,101.706276817637,99.9901687977137,102.434115976579,98.4469245647967,102.565382477075,105.44559535341,98.2508763126634,99.2452315882186,50.3812698569158,48.2733075435203,47.4406508585854,51.5040723859353,48.7693574471802,106.275978115233,98.5192924070502,118.786910547067
"291",913,28.9997972173342,4.93445657109068,106.686492471809,99.5845184813368,102.047741897934,98.4469245647967,102.104628114893,105.67429764497,100.12381461623,105.405726344762,50.6897560505871,48.2733075435203,47.7780210460668,51.3494751522155,47.9040430634498,105.063291628816,98.7093984845683,115.554149004669
"292",558,29.0346022105508,5.12772607831775,102.473441396669,100.034427797814,100.222370726265,98.4469245647967,102.934814917401,101.942883086906,96.8781673874204,96.9258538162883,51.4343815139929,48.2733075435203,47.0922777548818,51.403420544533,48.1407848410167,101.016221527742,101.379847669945,90.2287382001832
"293",683,29.0143251928692,4.59037102555666,102.533961303504,101.454870895025,102.80280401199,98.4469245647967,100.091112998804,96.4660506264829,102.109095779299,98.5389689418805,50.1970054480504,48.2733075435203,48.2502483898627,51.3561053539854,47.8759514157051,109.569464191945,101.689918906869,91.7200969428835
"294",982,29.0667596448154,4.62693286474158,101.213313752138,102.839122191773,103.76070589285,98.4469245647967,107.795239316204,111.566045565868,104.108202727739,104.976649226577,50.5812112640723,48.2733075435203,48.417128261681,51.4070980759258,48.2265711159859,107.316621517071,99.3425698973674,118.33895522094
"295",995,29.0666441267023,4.88300836557211,108.248989341561,101.077082229619,101.475827271566,98.4469245647967,107.251378242799,110.2831282906,100.938308429385,101.357069340495,51.6465264890202,48.2733075435203,47.9415431468453,51.3363551888974,47.7654054407189,102.635696247138,101.587320487768,88.0990847850351
"296",7,29.0130171560139,4.82501794494371,107.102723835065,101.935117036697,102.065657730771,98.4469245647967,103.131083080912,102.636088447024,102.726136133622,99.7396136653742,51.2333758046149,48.2733075435203,48.6772422530354,51.3731924767502,47.9715917628778,106.975541090012,102.23599779126,90.813886464733
"297",764,29.0060563441763,4.91474648417218,107.148983329756,101.52055094686,102.064919407918,98.4469245647967,107.174178983851,111.147287918422,103.594634478803,101.814620441327,51.0229757991264,48.2733075435203,48.5042103026637,51.3477751323961,47.8945276823077,103.702848241698,99.3818914440501,115.575851233047
"298",207,29.080507522152,4.4276540730496,103.088332620931,103.85736940168,104.218088971386,98.4469245647967,115.118974515386,125.075927281626,104.914411068166,106.158425380095,51.4898106894115,48.2733075435203,48.9311486049591,51.2325830377246,47.2497724430782,111.898504385284,98.6899821727948,117.443012980614
"299",799,29.0186108551471,4.77646682518613,110.854668331714,101.965006485362,102.645383273733,98.4469245647967,105.650047097816,106.417786421863,104.098556836917,102.752303003769,50.7534589070986,48.2733075435203,48.7646273441554,51.4030863918158,48.1389145154901,103.486836433826,102.360444724539,90.8781659238665
"300",76,29.0390945046146,4.87668000964619,103.938249413815,100.80111672832,101.358892556089,98.4469245647967,104.063254083247,104.966345386813,100.066108558955,100.260629517926,50.9126906908521,48.2733075435203,47.8009063213502,51.4119153041573,48.2535341914441,105.919423714849,98.9069496196071,118.047491321766
"301",61,28.9453279305412,4.95160325417723,104.929167774221,102.015710715041,100.519314503497,98.4469245647967,109.32021925731,109.187935873367,101.830710806526,106.289880032192,52.1379342084923,48.2733075435203,49.3343118434773,51.4018485463777,48.1319860250077,106.836712870857,101.993274913891,86.6484471166961
"302",32,29.0656651478783,5.09577476648647,102.252895123582,101.167057236708,102.070435413914,98.4469245647967,111.100647740204,115.477278478527,99.4118201617304,106.405212094688,51.3320554311655,48.2733075435203,48.2941386434355,51.3937569155515,48.1518977360701,106.480316834929,98.7314845888947,118.275246747322
"303",816,29.0650585072264,5.06978233725367,101.533119723579,103.679775940395,103.295044398719,98.4469245647967,112.578537948673,115.407453736641,102.593644164409,107.761772256829,52.1604882168559,48.2733075435203,49.0964167123491,51.3782467465,47.9998816113346,108.894511228042,102.062878256388,91.5053810641906
